Tanggal,Location,Volume_Ton,RR,Rain_Lag_1,Rain_Lag_2,Is_Holiday,Ada_Event,Crowd_Scale,Hari_Ke,Is_Weekend,Hari_Dalam_Minggu,Bulan
2026-01-01,JIS,245.02472727272726,12.8,0.0,0.0,1,1,4.0,1,0,3,1
2026-01-01,GBK,179.05918181818183,12.8,0.0,0.0,1,1,4.0,1,0,3,1
2026-01-01,Pasar Senen,76.32270000000001,12.8,0.0,0.0,1,0,0.0,1,0,3,1
2026-01-01,Gang Sempit Tambora,13.105918181818183,12.8,0.0,0.0,1,0,0.0,1,0,3,1
2026-01-02,JIS,225.29127272727274,18.3,12.8,0.0,0,1,2.8,2,0,4,1
2026-01-02,GBK,163.43131818181817,18.3,12.8,0.0,0,1,2.8,2,0,4,1
2026-01-02,Pasar Senen,75.60765000000002,18.3,12.8,0.0,0,0,0.0,2,0,4,1
2026-01-02,Gang Sempit Tambora,12.98313181818182,18.3,12.8,0.0,0,0,0.0,2,0,4,1
2026-01-03,JIS,130.6345090909091,17.6,18.3,12.8,0,0,0.0,3,1,5,1
2026-01-03,GBK,101.34542272727272,17.6,18.3,12.8,0,0,0.0,3,1,5,1
2026-01-03,Pasar Senen,46.65518181818182,17.6,18.3,12.8,0,0,0.0,3,1,5,1
2026-01-03,Gang Sempit Tambora,8.812645454545455,17.6,18.3,12.8,0,0,0.0,3,1,5,1
2026-01-04,JIS,136.1510181818182,4.7,17.6,18.3,0,0,0.0,4,1,6,1
2026-01-04,GBK,105.62509545454546,4.7,17.6,18.3,0,0,0.0,4,1,6,1
2026-01-04,Pasar Senen,48.62536363636364,4.7,17.6,18.3,0,0,0.0,4,1,6,1
2026-01-04,Gang Sempit Tambora,9.18479090909091,4.7,17.6,18.3,0,0,0.0,4,1,6,1
2026-01-05,JIS,114.47454545454545,0.0,4.7,17.6,0,0,0.0,5,0,0,1
2026-01-05,GBK,81.08613636363636,0.0,4.7,17.6,0,0,0.0,5,0,0,1
2026-01-05,Pasar Senen,47.22075,0.0,4.7,17.6,0,0,0.0,5,0,0,1
2026-01-05,Gang Sempit Tambora,8.108613636363637,0.0,4.7,17.6,0,0,0.0,5,0,0,1
2026-01-06,JIS,119.78727272727274,0.0,0.0,4.7,0,0,0.0,6,0,1,1
2026-01-06,GBK,84.84931818181819,0.0,0.0,4.7,0,0,0.0,6,0,1,1
2026-01-06,Pasar Senen,49.41225000000001,0.0,0.0,4.7,0,0,0.0,6,0,1,1
2026-01-06,Gang Sempit Tambora,8.484931818181819,0.0,0.0,4.7,0,0,0.0,6,0,1,1
2026-01-07,JIS,126.16581818181818,11.0,0.0,0.0,0,0,0.0,7,0,2,1
2026-01-07,GBK,89.36745454545455,11.0,0.0,0.0,0,0,0.0,7,0,2,1
2026-01-07,Pasar Senen,52.043400000000005,11.0,0.0,0.0,0,0,0.0,7,0,2,1
2026-01-07,Gang Sempit Tambora,8.936745454545456,11.0,0.0,0.0,0,0,0.0,7,0,2,1
2026-01-08,JIS,121.4530909090909,6.2,11.0,0.0,0,0,0.0,8,0,3,1
2026-01-08,GBK,86.02927272727273,6.2,11.0,0.0,0,0,0.0,8,0,3,1
2026-01-08,Pasar Senen,50.09940000000001,6.2,11.0,0.0,0,0,0.0,8,0,3,1
2026-01-08,Gang Sempit Tambora,8.602927272727273,6.2,11.0,0.0,0,0,0.0,8,0,3,1
2026-01-09,JIS,117.69490909090909,0.0,6.2,11.0,0,0,0.0,9,0,4,1
2026-01-09,GBK,83.36722727272728,0.0,6.2,11.0,0,0,0.0,9,0,4,1
2026-01-09,Pasar Senen,48.54915000000001,0.0,6.2,11.0,0,0,0.0,9,0,4,1
2026-01-09,Gang Sempit Tambora,8.33672272727273,0.0,6.2,11.0,0,0,0.0,9,0,4,1
2026-01-10,JIS,130.6242,0.0,0.0,6.2,0,0,0.0,10,1,5,1
2026-01-10,GBK,101.337425,0.0,0.0,6.2,0,0,0.0,10,1,5,1
2026-01-10,Pasar Senen,46.651500000000006,0.0,0.0,6.2,0,0,0.0,10,1,5,1
2026-01-10,Gang Sempit Tambora,8.811950000000001,0.0,0.0,6.2,0,0,0.0,10,1,5,1
2026-01-11,JIS,146.20467272727274,0.2,0.0,0.0,0,0,0.0,11,1,6,1
2026-01-11,GBK,113.42465681818182,0.2,0.0,0.0,0,0,0.0,11,1,6,1
2026-01-11,Pasar Senen,52.215954545454544,0.2,0.0,0.0,0,0,0.0,11,1,6,1
2026-01-11,Gang Sempit Tambora,9.863013636363636,0.2,0.0,0.0,0,0,0.0,11,1,6,1
2026-01-12,JIS,120.552,0.0,0.2,0.0,0,0,0.0,12,0,0,1
2026-01-12,GBK,85.391,0.0,0.2,0.0,0,0,0.0,12,0,0,1
2026-01-12,Pasar Senen,49.727700000000006,0.0,0.2,0.0,0,0,0.0,12,0,0,1
2026-01-12,Gang Sempit Tambora,8.539100000000001,0.0,0.2,0.0,0,0,0.0,12,0,0,1
2026-01-13,JIS,113.31709090909091,0.0,0.0,0.2,0,0,0.0,13,0,1,1
2026-01-13,GBK,80.26627272727274,0.0,0.0,0.2,0,0,0.0,13,0,1,1
2026-01-13,Pasar Senen,46.743300000000005,0.0,0.0,0.2,0,0,0.0,13,0,1,1
2026-01-13,Gang Sempit Tambora,8.026627272727273,0.0,0.0,0.2,0,0,0.0,13,0,1,1
2026-01-14,JIS,113.76872727272728,6.3,0.0,0.0,0,0,0.0,14,0,2,1
2026-01-14,GBK,80.58618181818181,6.3,0.0,0.0,0,0,0.0,14,0,2,1
2026-01-14,Pasar Senen,46.9296,6.3,0.0,0.0,0,0,0.0,14,0,2,1
2026-01-14,Gang Sempit Tambora,8.058618181818183,6.3,0.0,0.0,0,0,0.0,14,0,2,1
2026-01-15,JIS,113.76763636363637,6.6,6.3,0.0,0,0,0.0,15,0,3,1
2026-01-15,GBK,80.5854090909091,6.6,6.3,0.0,0,0,0.0,15,0,3,1
2026-01-15,Pasar Senen,46.92915000000001,6.6,6.3,0.0,0,0,0.0,15,0,3,1
2026-01-15,Gang Sempit Tambora,8.05854090909091,6.6,6.3,0.0,0,0,0.0,15,0,3,1
2026-01-16,JIS,120.18763636363636,0.0,6.6,6.3,0,0,0.0,16,0,4,1
2026-01-16,GBK,85.1329090909091,0.0,6.6,6.3,0,0,0.0,16,0,4,1
2026-01-16,Pasar Senen,49.577400000000004,0.0,6.6,6.3,0,0,0.0,16,0,4,1
2026-01-16,Gang Sempit Tambora,8.51329090909091,0.0,6.6,6.3,0,0,0.0,16,0,4,1
2026-01-17,JIS,129.70783636363637,0.0,0.0,6.6,0,0,0.0,17,1,5,1
2026-01-17,GBK,100.62651590909091,0.0,0.0,6.6,0,0,0.0,17,1,5,1
2026-01-17,Pasar Senen,46.32422727272728,0.0,0.0,6.6,0,0,0.0,17,1,5,1
2026-01-17,Gang Sempit Tambora,8.750131818181819,0.0,0.0,6.6,0,0,0.0,17,1,5,1
2026-01-18,JIS,190.75140000000002,4.1,0.0,0.0,0,1,1.5,18,1,6,1
2026-01-18,GBK,150.3556,4.1,0.0,0.0,0,1,1.5,18,1,6,1
2026-01-18,Pasar Senen,59.68800000000001,4.1,0.0,0.0,0,0,0.0,18,1,6,1
2026-01-18,Gang Sempit Tambora,11.274400000000002,4.1,0.0,0.0,0,0,0.0,18,1,6,1
2026-01-19,JIS,123.47563636363637,0.0,4.1,0.0,0,0,0.0,19,0,0,1
2026-01-19,GBK,87.4619090909091,0.0,4.1,0.0,0,0,0.0,19,0,0,1
2026-01-19,Pasar Senen,50.93370000000001,0.0,4.1,0.0,0,0,0.0,19,0,0,1
2026-01-19,Gang Sempit Tambora,8.74619090909091,0.0,4.1,0.0,0,0,0.0,19,0,0,1
2026-01-20,JIS,128.07490909090907,0.0,0.0,4.1,0,0,0.0,20,0,1,1
2026-01-20,GBK,90.71972727272727,0.0,0.0,4.1,0,0,0.0,20,0,1,1
2026-01-20,Pasar Senen,52.8309,0.0,0.0,4.1,0,0,0.0,20,0,1,1
2026-01-20,Gang Sempit Tambora,9.071972727272728,0.0,0.0,4.1,0,0,0.0,20,0,1,1
2026-01-21,JIS,127.31345454545455,0.0,0.0,0.0,0,0,0.0,21,0,2,1
2026-01-21,GBK,90.18036363636364,0.0,0.0,0.0,0,0,0.0,21,0,2,1
2026-01-21,Pasar Senen,52.5168,0.0,0.0,0.0,0,0,0.0,21,0,2,1
2026-01-21,Gang Sempit Tambora,9.018036363636364,0.0,0.0,0.0,0,0,0.0,21,0,2,1
2026-01-22,JIS,120.456,0.0,0.0,0.0,0,0,0.0,22,0,3,1
2026-01-22,GBK,85.32300000000001,0.0,0.0,0.0,0,0,0.0,22,0,3,1
2026-01-22,Pasar Senen,49.688100000000006,0.0,0.0,0.0,0,0,0.0,22,0,3,1
2026-01-22,Gang Sempit Tambora,8.532300000000001,0.0,0.0,0.0,0,0,0.0,22,0,3,1
2026-01-23,JIS,130.02872727272728,0.0,0.0,0.0,0,0,0.0,23,0,4,1
2026-01-23,GBK,92.10368181818183,0.0,0.0,0.0,0,0,0.0,23,0,4,1
2026-01-23,Pasar Senen,53.63685000000001,0.0,0.0,0.0,0,0,0.0,23,0,4,1
2026-01-23,Gang Sempit Tambora,9.210368181818183,0.0,0.0,0.0,0,0,0.0,23,0,4,1
2026-01-24,JIS,151.5734181818182,0.0,0.0,0.0,0,0,0.0,24,1,5,1
2026-01-24,GBK,117.58969545454545,0.0,0.0,0.0,0,0,0.0,24,1,5,1
2026-01-24,Pasar Senen,54.13336363636364,0.0,0.0,0.0,0,0,0.0,24,1,5,1
2026-01-24,Gang Sempit Tambora,10.22519090909091,0.0,0.0,0.0,0,0,0.0,24,1,5,1
2026-01-25,JIS,162.6282,19.1,0.0,0.0,0,0,0.0,25,1,6,1
2026-01-25,GBK,126.16592499999999,19.1,0.0,0.0,0,0,0.0,25,1,6,1
2026-01-25,Pasar Senen,58.0815,19.1,0.0,0.0,0,0,0.0,25,1,6,1
2026-01-25,Gang Sempit Tambora,10.97095,19.1,0.0,0.0,0,0,0.0,25,1,6,1
2026-01-26,JIS,135.396,0.0,19.1,0.0,0,0,0.0,26,0,0,1
2026-01-26,GBK,95.9055,0.0,19.1,0.0,0,0,0.0,26,0,0,1
2026-01-26,Pasar Senen,55.85085,0.0,19.1,0.0,0,0,0.0,26,0,0,1
2026-01-26,Gang Sempit Tambora,9.59055,0.0,19.1,0.0,0,0,0.0,26,0,0,1
2026-01-27,JIS,122.68909090909091,2.0,0.0,19.1,0,0,0.0,27,0,1,1
2026-01-27,GBK,86.90477272727273,2.0,0.0,19.1,0,0,0.0,27,0,1,1
2026-01-27,Pasar Senen,50.60925,2.0,0.0,19.1,0,0,0.0,27,0,1,1
2026-01-27,Gang Sempit Tambora,8.690477272727273,2.0,0.0,19.1,0,0,0.0,27,0,1,1
2026-01-28,JIS,122.30618181818181,0.0,2.0,0.0,0,0,0.0,28,0,2,1
2026-01-28,GBK,86.63354545454546,0.0,2.0,0.0,0,0,0.0,28,0,2,1
2026-01-28,Pasar Senen,50.4513,0.0,2.0,0.0,0,0,0.0,28,0,2,1
2026-01-28,Gang Sempit Tambora,8.663354545454546,0.0,2.0,0.0,0,0,0.0,28,0,2,1
2026-01-29,JIS,107.66072727272727,2.4,0.0,2.0,0,0,0.0,29,0,3,1
2026-01-29,GBK,76.25968181818182,2.4,0.0,2.0,0,0,0.0,29,0,3,1
2026-01-29,Pasar Senen,44.41005,2.4,0.0,2.0,0,0,0.0,29,0,3,1
2026-01-29,Gang Sempit Tambora,7.625968181818182,2.4,0.0,2.0,0,0,0.0,29,0,3,1
2026-01-30,JIS,109.13345454545454,0.0,2.4,0.0,0,0,0.0,30,0,4,1
2026-01-30,GBK,77.30286363636364,0.0,2.4,0.0,0,0,0.0,30,0,4,1
2026-01-30,Pasar Senen,45.01755000000001,0.0,2.4,0.0,0,0,0.0,30,0,4,1
2026-01-30,Gang Sempit Tambora,7.730286363636364,0.0,2.4,0.0,0,0,0.0,30,0,4,1
2026-01-31,JIS,119.79965454545456,0.0,0.0,2.4,0,0,0.0,31,1,5,1
2026-01-31,GBK,92.93981136363637,0.0,0.0,2.4,0,0,0.0,31,1,5,1
2026-01-31,Pasar Senen,42.785590909090914,0.0,0.0,2.4,0,0,0.0,31,1,5,1
2026-01-31,Gang Sempit Tambora,8.081722727272728,0.0,0.0,2.4,0,0,0.0,31,1,5,1
2026-02-01,JIS,129.88194545454544,6.6,0.0,0.0,0,0,0.0,32,1,6,2
2026-02-01,GBK,100.76158863636363,6.6,0.0,0.0,0,0,0.0,32,1,6,2
2026-02-01,Pasar Senen,46.38640909090909,6.6,0.0,0.0,0,0,0.0,32,1,6,2
2026-02-01,Gang Sempit Tambora,8.761877272727274,6.6,0.0,0.0,0,0,0.0,32,1,6,2
2026-02-02,JIS,107.80363636363636,0.0,6.6,0.0,0,0,0.0,33,0,0,2
2026-02-02,GBK,76.36090909090909,0.0,6.6,0.0,0,0,0.0,33,0,0,2
2026-02-02,Pasar Senen,44.469,0.0,6.6,0.0,0,0,0.0,33,0,0,2
2026-02-02,Gang Sempit Tambora,7.6360909090909095,0.0,6.6,0.0,0,0,0.0,33,0,0,2
2026-02-03,JIS,113.20581818181819,7.7,0.0,6.6,0,0,0.0,34,0,1,2
2026-02-03,GBK,80.18745454545454,7.7,0.0,6.6,0,0,0.0,34,0,1,2
2026-02-03,Pasar Senen,46.69740000000001,7.7,0.0,6.6,0,0,0.0,34,0,1,2
2026-02-03,Gang Sempit Tambora,8.018745454545455,7.7,0.0,6.6,0,0,0.0,34,0,1,2
2026-02-04,JIS,115.69854545454545,0.3,7.7,0.0,0,0,0.0,35,0,2,2
2026-02-04,GBK,81.95313636363636,0.3,7.7,0.0,0,0,0.0,35,0,2,2
2026-02-04,Pasar Senen,47.72565,0.3,7.7,0.0,0,0,0.0,35,0,2,2
2026-02-04,Gang Sempit Tambora,8.195313636363636,0.3,7.7,0.0,0,0,0.0,35,0,2,2
2026-02-05,JIS,122.45890909090909,0.0,0.3,7.7,0,0,0.0,36,0,3,2
2026-02-05,GBK,86.74172727272727,0.0,0.3,7.7,0,0,0.0,36,0,3,2
2026-02-05,Pasar Senen,50.514300000000006,0.0,0.3,7.7,0,0,0.0,36,0,3,2
2026-02-05,Gang Sempit Tambora,8.674172727272728,0.0,0.3,7.7,0,0,0.0,36,0,3,2
2026-02-06,JIS,129.47563636363637,1.8,0.0,0.3,0,0,0.0,37,0,4,2
2026-02-06,GBK,91.7119090909091,1.8,0.0,0.3,0,0,0.0,37,0,4,2
2026-02-06,Pasar Senen,53.40870000000001,1.8,0.0,0.3,0,0,0.0,37,0,4,2
2026-02-06,Gang Sempit Tambora,9.17119090909091,1.8,0.0,0.3,0,0,0.0,37,0,4,2
2026-02-07,JIS,143.54492727272728,0.0,1.8,0.0,0,0,0.0,38,1,5,2
2026-02-07,GBK,111.36124318181818,0.0,1.8,0.0,0,0,0.0,38,1,5,2
2026-02-07,Pasar Senen,51.26604545454546,0.0,1.8,0.0,0,0,0.0,38,1,5,2
2026-02-07,Gang Sempit Tambora,9.683586363636365,0.0,1.8,0.0,0,0,0.0,38,1,5,2
2026-02-08,JIS,145.94350909090912,0.0,0.0,1.8,0,0,0.0,39,1,6,2
2026-02-08,GBK,113.22204772727272,0.0,0.0,1.8,0,0,0.0,39,1,6,2
2026-02-08,Pasar Senen,52.122681818181825,0.0,0.0,1.8,0,0,0.0,39,1,6,2
2026-02-08,Gang Sempit Tambora,9.845395454545455,0.0,0.0,1.8,0,0,0.0,39,1,6,2
2026-02-09,JIS,127.77490909090908,12.6,0.0,0.0,0,0,0.0,40,0,0,2
2026-02-09,GBK,90.50722727272726,12.6,0.0,0.0,0,0,0.0,40,0,0,2
2026-02-09,Pasar Senen,52.707150000000006,12.6,0.0,0.0,0,0,0.0,40,0,0,2
2026-02-09,Gang Sempit Tambora,9.050722727272728,12.6,0.0,0.0,0,0,0.0,40,0,0,2
2026-02-10,JIS,131.72290909090907,7.5,12.6,0.0,0,0,0.0,41,0,1,2
2026-02-10,GBK,93.30372727272727,7.5,12.6,0.0,0,0,0.0,41,0,1,2
2026-02-10,Pasar Senen,54.3357,7.5,12.6,0.0,0,0,0.0,41,0,1,2
2026-02-10,Gang Sempit Tambora,9.330372727272728,7.5,12.6,0.0,0,0,0.0,41,0,1,2
2026-02-11,JIS,121.54036363636364,0.0,7.5,12.6,0,0,0.0,42,0,2,2
2026-02-11,GBK,86.09109090909091,0.0,7.5,12.6,0,0,0.0,42,0,2,2
2026-02-11,Pasar Senen,50.135400000000004,0.0,7.5,12.6,0,0,0.0,42,0,2,2
2026-02-11,Gang Sempit Tambora,8.609109090909092,0.0,7.5,12.6,0,0,0.0,42,0,2,2
2026-02-12,JIS,127.24472727272727,0.0,0.0,7.5,0,0,0.0,43,0,3,2
2026-02-12,GBK,90.13168181818182,0.0,0.0,7.5,0,0,0.0,43,0,3,2
2026-02-12,Pasar Senen,52.48845,0.0,0.0,7.5,0,0,0.0,43,0,3,2
2026-02-12,Gang Sempit Tambora,9.013168181818182,0.0,0.0,7.5,0,0,0.0,43,0,3,2
2026-02-13,JIS,132.25963636363636,0.0,0.0,0.0,0,0,0.0,44,0,4,2
2026-02-13,GBK,93.6839090909091,0.0,0.0,0.0,0,0,0.0,44,0,4,2
2026-02-13,Pasar Senen,54.557100000000005,0.0,0.0,0.0,0,0,0.0,44,0,4,2
2026-02-13,Gang Sempit Tambora,9.368390909090909,0.0,0.0,0.0,0,0,0.0,44,0,4,2
2026-02-14,JIS,143.59990909090908,7.5,0.0,0.0,0,0,0.0,45,1,5,2
2026-02-14,GBK,111.4038977272727,7.5,0.0,0.0,0,0,0.0,45,1,5,2
2026-02-14,Pasar Senen,51.285681818181814,7.5,0.0,0.0,0,0,0.0,45,1,5,2
2026-02-14,Gang Sempit Tambora,9.687295454545454,7.5,0.0,0.0,0,0,0.0,45,1,5,2
2026-02-15,JIS,187.3894909090909,1.5,7.5,0.0,0,1,1.1,46,1,6,2
2026-02-15,GBK,147.11495227272727,1.5,7.5,0.0,0,1,1.1,46,1,6,2
2026-02-15,Pasar Senen,60.73731818181818,1.5,7.5,0.0,0,0,0.0,46,1,6,2
2026-02-15,Gang Sempit Tambora,11.472604545454546,1.5,7.5,0.0,0,0,0.0,46,1,6,2
2026-02-16,JIS,187.62327272727273,10.6,1.5,7.5,0,1,2.1,47,0,0,2
2026-02-16,GBK,135.7873181818182,10.6,1.5,7.5,0,1,2.1,47,0,0,2
2026-02-16,Pasar Senen,64.40085,10.6,1.5,7.5,0,0,0.0,47,0,0,2
2026-02-16,Gang Sempit Tambora,11.058731818181819,10.6,1.5,7.5,0,0,0.0,47,0,0,2
2026-02-17,JIS,204.26945454545455,0.0,10.6,1.5,1,1,2.5,48,0,1,2
2026-02-17,GBK,148.12836363636364,0.0,10.6,1.5,1,1,2.5,48,0,1,2
2026-02-17,Pasar Senen,68.79240000000001,0.0,10.6,1.5,1,0,0.0,48,0,1,2
2026-02-17,Gang Sempit Tambora,11.812836363636366,0.0,10.6,1.5,1,0,0.0,48,0,1,2
2026-02-18,JIS,189.6970909090909,2.0,0.0,10.6,0,1,2.1,49,0,2,2
2026-02-18,GBK,137.25627272727274,2.0,0.0,10.6,0,1,2.1,49,0,2,2
2026-02-18,Pasar Senen,65.25630000000001,2.0,0.0,10.6,0,0,0.0,49,0,2,2
2026-02-18,Gang Sempit Tambora,11.205627272727273,2.0,0.0,10.6,0,0,0.0,49,0,2,2
2026-02-19,JIS,162.56945454545456,0.0,2.0,0.0,0,1,1.1,50,0,3,2
2026-02-19,GBK,116.66586363636365,0.0,2.0,0.0,0,1,1.1,50,0,3,2
2026-02-19,Pasar Senen,60.253650000000015,0.0,2.0,0.0,0,0,0.0,50,0,3,2
2026-02-19,Gang Sempit Tambora,10.346586363636366,0.0,2.0,0.0,0,0,0.0,50,0,3,2
2026-02-20,JIS,124.46072727272727,5.6,0.0,2.0,0,0,0.0,51,0,4,2
2026-02-20,GBK,88.15968181818181,5.6,0.0,2.0,0,0,0.0,51,0,4,2
2026-02-20,Pasar Senen,51.340050000000005,5.6,0.0,2.0,0,0,0.0,51,0,4,2
2026-02-20,Gang Sempit Tambora,8.815968181818182,5.6,0.0,2.0,0,0,0.0,51,0,4,2
2026-02-21,JIS,133.93341818181818,0.0,5.6,0.0,0,0,0.0,52,1,5,2
2026-02-21,GBK,103.90469545454545,0.0,5.6,0.0,0,0,0.0,52,1,5,2
2026-02-21,Pasar Senen,47.833363636363636,0.0,5.6,0.0,0,0,0.0,52,1,5,2
2026-02-21,Gang Sempit Tambora,9.03519090909091,0.0,5.6,0.0,0,0,0.0,52,1,5,2
2026-02-22,JIS,136.51412727272728,0.0,0.0,5.6,0,0,0.0,53,1,6,2
2026-02-22,GBK,105.90679318181819,0.0,0.0,5.6,0,0,0.0,53,1,6,2
2026-02-22,Pasar Senen,48.75504545454546,0.0,0.0,5.6,0,0,0.0,53,1,6,2
2026-02-22,Gang Sempit Tambora,9.209286363636366,0.0,0.0,5.6,0,0,0.0,53,1,6,2
2026-02-23,JIS,126.03272727272727,0.0,0.0,0.0,0,0,0.0,54,0,0,2
2026-02-23,GBK,89.27318181818183,0.0,0.0,0.0,0,0,0.0,54,0,0,2
2026-02-23,Pasar Senen,51.98850000000001,0.0,0.0,0.0,0,0,0.0,54,0,0,2
2026-02-23,Gang Sempit Tambora,8.927318181818183,0.0,0.0,0.0,0,0,0.0,54,0,0,2
2026-02-24,JIS,126.75163636363635,0.0,0.0,0.0,0,0,0.0,55,0,1,2
2026-02-24,GBK,89.78240909090908,0.0,0.0,0.0,0,0,0.0,55,0,1,2
2026-02-24,Pasar Senen,52.285050000000005,0.0,0.0,0.0,0,0,0.0,55,0,1,2
2026-02-24,Gang Sempit Tambora,8.978240909090909,0.0,0.0,0.0,0,0,0.0,55,0,1,2
2026-02-25,JIS,124.13672727272727,0.0,0.0,0.0,0,0,0.0,56,0,2,2
2026-02-25,GBK,87.93018181818182,0.0,0.0,0.0,0,0,0.0,56,0,2,2
2026-02-25,Pasar Senen,51.2064,0.0,0.0,0.0,0,0,0.0,56,0,2,2
2026-02-25,Gang Sempit Tambora,8.793018181818182,0.0,0.0,0.0,0,0,0.0,56,0,2,2
2026-02-26,JIS,133.46945454545457,14.6,0.0,0.0,0,0,0.0,57,0,3,2
2026-02-26,GBK,94.54086363636365,14.6,0.0,0.0,0,0,0.0,57,0,3,2
2026-02-26,Pasar Senen,55.05615000000001,14.6,0.0,0.0,0,0,0.0,57,0,3,2
2026-02-26,Gang Sempit Tambora,9.454086363636366,14.6,0.0,0.0,0,0,0.0,57,0,3,2
2026-02-27,JIS,137.38145454545455,1.0,14.6,0.0,0,0,0.0,58,0,4,2
2026-02-27,GBK,97.31186363636363,1.0,14.6,0.0,0,0,0.0,58,0,4,2
2026-02-27,Pasar Senen,56.669850000000004,1.0,14.6,0.0,0,0,0.0,58,0,4,2
2026-02-27,Gang Sempit Tambora,9.731186363636365,1.0,14.6,0.0,0,0,0.0,58,0,4,2
2026-02-28,JIS,146.2275818181818,0.0,1.0,14.6,0,0,0.0,59,1,5,2
2026-02-28,GBK,113.44242954545453,0.0,1.0,14.6,0,0,0.0,59,1,5,2
2026-02-28,Pasar Senen,52.22413636363636,0.0,1.0,14.6,0,0,0.0,59,1,5,2
2026-02-28,Gang Sempit Tambora,9.864559090909092,0.0,1.0,14.6,0,0,0.0,59,1,5,2
2026-03-01,JIS,152.5986,0.0,0.0,1.0,0,0,0.0,60,1,6,3
2026-03-01,GBK,118.38502499999998,0.0,0.0,1.0,0,0,0.0,60,1,6,3
2026-03-01,Pasar Senen,54.4995,0.0,0.0,1.0,0,0,0.0,60,1,6,3
2026-03-01,Gang Sempit Tambora,10.29435,0.0,0.0,1.0,0,0,0.0,60,1,6,3
2026-03-02,JIS,129.26945454545455,3.1,0.0,0.0,0,0,0.0,61,0,0,3
2026-03-02,GBK,91.56586363636364,3.1,0.0,0.0,0,0,0.0,61,0,0,3
2026-03-02,Pasar Senen,53.323650000000015,3.1,0.0,0.0,0,0,0.0,61,0,0,3
2026-03-02,Gang Sempit Tambora,9.156586363636366,3.1,0.0,0.0,0,0,0.0,61,0,0,3
2026-03-03,JIS,135.03272727272727,0.0,3.1,0.0,0,0,0.0,62,0,1,3
2026-03-03,GBK,95.64818181818183,0.0,3.1,0.0,0,0,0.0,62,0,1,3
2026-03-03,Pasar Senen,55.70100000000001,0.0,3.1,0.0,0,0,0.0,62,0,1,3
2026-03-03,Gang Sempit Tambora,9.564818181818183,0.0,3.1,0.0,0,0,0.0,62,0,1,3
2026-03-04,JIS,139.9069090909091,1.2,0.0,3.1,0,0,0.0,63,0,2,3
2026-03-04,GBK,99.10072727272728,1.2,0.0,3.1,0,0,0.0,63,0,2,3
2026-03-04,Pasar Senen,57.711600000000004,1.2,0.0,3.1,0,0,0.0,63,0,2,3
2026-03-04,Gang Sempit Tambora,9.910072727272729,1.2,0.0,3.1,0,0,0.0,63,0,2,3
2026-03-05,JIS,134.04981818181818,0.0,1.2,0.0,0,0,0.0,64,0,3,3
2026-03-05,GBK,94.95195454545456,0.0,1.2,0.0,0,0,0.0,64,0,3,3
2026-03-05,Pasar Senen,55.29555000000001,0.0,1.2,0.0,0,0,0.0,64,0,3,3
2026-03-05,Gang Sempit Tambora,9.495195454545456,0.0,1.2,0.0,0,0,0.0,64,0,3,3
2026-03-06,JIS,139.97454545454548,5.4,0.0,1.2,0,0,0.0,65,0,4,3
2026-03-06,GBK,99.14863636363637,5.4,0.0,1.2,0,0,0.0,65,0,4,3
2026-03-06,Pasar Senen,57.739500000000014,5.4,0.0,1.2,0,0,0.0,65,0,4,3
2026-03-06,Gang Sempit Tambora,9.914863636363638,5.4,0.0,1.2,0,0,0.0,65,0,4,3
2026-03-07,JIS,161.4460909090909,14.1,5.4,0.0,0,0,0.0,66,1,5,3
2026-03-07,GBK,125.24885227272726,14.1,5.4,0.0,0,0,0.0,66,1,5,3
2026-03-07,Pasar Senen,57.65931818181818,14.1,5.4,0.0,0,0,0.0,66,1,5,3
2026-03-07,Gang Sempit Tambora,10.891204545454546,14.1,5.4,0.0,0,0,0.0,66,1,5,3
2026-03-08,JIS,157.82301818181818,0.0,14.1,5.4,0,0,0.0,67,1,6,3
2026-03-08,GBK,122.43809545454545,0.0,14.1,5.4,0,0,0.0,67,1,6,3
2026-03-08,Pasar Senen,56.36536363636364,0.0,14.1,5.4,0,0,0.0,67,1,6,3
2026-03-08,Gang Sempit Tambora,10.64679090909091,0.0,14.1,5.4,0,0,0.0,67,1,6,3
2026-03-09,JIS,127.7149090909091,0.0,0.0,14.1,0,0,0.0,68,0,0,3
2026-03-09,GBK,90.46472727272729,0.0,0.0,14.1,0,0,0.0,68,0,0,3
2026-03-09,Pasar Senen,52.68240000000001,0.0,0.0,14.1,0,0,0.0,68,0,0,3
2026-03-09,Gang Sempit Tambora,9.046472727272729,0.0,0.0,14.1,0,0,0.0,68,0,0,3
2026-03-10,JIS,128.31163636363635,8.3,0.0,0.0,0,0,0.0,69,0,1,3
2026-03-10,GBK,90.88740909090909,8.3,0.0,0.0,0,0,0.0,69,0,1,3
2026-03-10,Pasar Senen,52.92855000000001,8.3,0.0,0.0,0,0,0.0,69,0,1,3
2026-03-10,Gang Sempit Tambora,9.08874090909091,8.3,0.0,0.0,0,0,0.0,69,0,1,3
2026-03-11,JIS,123.89563636363637,0.0,8.3,0.0,0,0,0.0,70,0,2,3
2026-03-11,GBK,87.7594090909091,0.0,8.3,0.0,0,0,0.0,70,0,2,3
2026-03-11,Pasar Senen,51.10695000000001,0.0,8.3,0.0,0,0,0.0,70,0,2,3
2026-03-11,Gang Sempit Tambora,8.77594090909091,0.0,8.3,0.0,0,0,0.0,70,0,2,3
2026-03-12,JIS,121.41272727272727,0.0,0.0,8.3,0,0,0.0,71,0,3,3
2026-03-12,GBK,86.00068181818182,0.0,0.0,8.3,0,0,0.0,71,0,3,3
2026-03-12,Pasar Senen,50.082750000000004,0.0,0.0,8.3,0,0,0.0,71,0,3,3
2026-03-12,Gang Sempit Tambora,8.600068181818182,0.0,0.0,8.3,0,0,0.0,71,0,3,3
2026-03-13,JIS,123.98618181818182,0.0,0.0,0.0,0,0,0.0,72,0,4,3
2026-03-13,GBK,87.82354545454545,0.0,0.0,0.0,0,0,0.0,72,0,4,3
2026-03-13,Pasar Senen,51.1443,0.0,0.0,0.0,0,0,0.0,72,0,4,3
2026-03-13,Gang Sempit Tambora,8.782354545454545,0.0,0.0,0.0,0,0,0.0,72,0,4,3
2026-03-14,JIS,146.48760000000001,6.0,0.0,0.0,0,0,0.0,73,1,5,3
2026-03-14,GBK,113.64415000000001,6.0,0.0,0.0,0,0,0.0,73,1,5,3
2026-03-14,Pasar Senen,52.31700000000001,6.0,0.0,0.0,0,0,0.0,73,1,5,3
2026-03-14,Gang Sempit Tambora,9.882100000000001,6.0,0.0,0.0,0,0,0.0,73,1,5,3
2026-03-15,JIS,99.50924454545455,0.0,6.0,0.0,1,0,0.0,74,1,6,3
2026-03-15,GBK,77.19864011363636,0.0,6.0,0.0,1,0,0.0,74,1,6,3
2026-03-15,Pasar Senen,35.539015909090914,0.0,6.0,0.0,1,0,0.0,74,1,6,3
2026-03-15,Gang Sempit Tambora,6.712925227272728,0.0,6.0,0.0,1,0,0.0,74,1,6,3
2026-03-16,JIS,83.66705454545455,14.5,0.0,6.0,1,0,0.0,75,0,0,3
2026-03-16,GBK,59.26416363636364,14.5,0.0,6.0,1,0,0.0,75,0,0,3
2026-03-16,Pasar Senen,34.512660000000004,14.5,0.0,6.0,1,0,0.0,75,0,0,3
2026-03-16,Gang Sempit Tambora,5.926416363636364,14.5,0.0,6.0,1,0,0.0,75,0,0,3
2026-03-17,JIS,83.67981818181819,16.9,14.5,0.0,1,0,0.0,76,0,1,3
2026-03-17,GBK,59.273204545454554,16.9,14.5,0.0,1,0,0.0,76,0,1,3
2026-03-17,Pasar Senen,34.517925000000005,16.9,14.5,0.0,1,0,0.0,76,0,1,3
2026-03-17,Gang Sempit Tambora,5.927320454545456,16.9,14.5,0.0,1,0,0.0,76,0,1,3
2026-03-18,JIS,134.0305090909091,9.8,16.9,14.5,1,1,2.7,77,0,2,3
2026-03-18,GBK,98.65077727272728,9.8,16.9,14.5,1,1,2.7,77,0,2,3
2026-03-18,Pasar Senen,38.58133500000001,9.8,16.9,14.5,1,0,0.0,77,0,2,3
2026-03-18,Gang Sempit Tambora,6.625077727272728,9.8,16.9,14.5,1,0,0.0,77,0,2,3
2026-03-19,JIS,162.06512727272727,14.3,9.8,16.9,1,1,4.0,78,0,3,3
2026-03-19,GBK,120.29613181818182,14.3,9.8,16.9,1,1,4.0,78,0,3,3
2026-03-19,Pasar Senen,42.101865000000004,14.3,9.8,16.9,1,0,0.0,78,0,3,3
2026-03-19,Gang Sempit Tambora,7.229613181818182,14.3,9.8,16.9,1,0,0.0,78,0,3,3
2026-03-20,JIS,161.8662,9.3,14.3,9.8,1,1,2.3,79,0,4,3
2026-03-20,GBK,117.817725,9.3,14.3,9.8,1,1,2.3,79,0,4,3
2026-03-20,Pasar Senen,52.53855750000001,9.3,14.3,9.8,1,0,0.0,79,0,4,3
2026-03-20,Gang Sempit Tambora,9.0217725,9.3,14.3,9.8,1,0,0.0,79,0,4,3
2026-03-21,JIS,204.34926272727273,0.0,9.3,14.3,1,1,4.1,80,1,5,3
2026-03-21,GBK,165.0159855681818,0.0,9.3,14.3,1,1,4.1,80,1,5,3
2026-03-21,Pasar Senen,49.91937954545455,0.0,9.3,14.3,1,0,0.0,80,1,5,3
2026-03-21,Gang Sempit Tambora,9.429216136363637,0.0,9.3,14.3,1,0,0.0,80,1,5,3
2026-03-22,JIS,237.11928545454546,1.5,0.0,9.3,1,1,5.0,81,1,6,3
2026-03-22,GBK,191.8618861363636,1.5,0.0,9.3,1,1,5.0,81,1,6,3
2026-03-22,Pasar Senen,56.56045909090909,1.5,0.0,9.3,1,0,0.0,81,1,6,3
2026-03-22,Gang Sempit Tambora,10.683642272727273,1.5,0.0,9.3,1,0,0.0,81,1,6,3
2026-03-23,JIS,173.62712727272725,18.4,1.5,0.0,1,1,4.1,82,0,0,3
2026-03-23,GBK,128.6233818181818,18.4,1.5,0.0,1,1,4.1,82,0,0,3
2026-03-23,Pasar Senen,46.25244,18.4,1.5,0.0,1,0,0.0,82,0,0,3
2026-03-23,Gang Sempit Tambora,7.942338181818182,18.4,1.5,0.0,1,0,0.0,82,0,0,3
2026-03-24,JIS,129.40401818181817,0.0,18.4,1.5,1,1,2.3,83,0,1,3
2026-03-24,GBK,94.82367954545454,0.0,18.4,1.5,1,1,2.3,83,0,1,3
2026-03-24,Pasar Senen,39.14790750000001,0.0,18.4,1.5,1,0,0.0,83,0,1,3
2026-03-24,Gang Sempit Tambora,6.722367954545455,0.0,18.4,1.5,1,0,0.0,83,0,1,3
2026-03-25,JIS,89.25256363636363,16.8,0.0,18.4,1,0,0.0,84,0,2,3
2026-03-25,GBK,63.22056590909091,16.8,0.0,18.4,1,0,0.0,84,0,2,3
2026-03-25,Pasar Senen,36.816682500000006,16.8,0.0,18.4,1,0,0.0,84,0,2,3
2026-03-25,Gang Sempit Tambora,6.322056590909091,16.8,0.0,18.4,1,0,0.0,84,0,2,3
2026-03-26,JIS,88.89163636363638,17.6,16.8,0.0,1,0,0.0,85,0,3,3
2026-03-26,GBK,62.9649090909091,17.6,16.8,0.0,1,0,0.0,85,0,3,3
2026-03-26,Pasar Senen,36.66780000000001,17.6,16.8,0.0,1,0,0.0,85,0,3,3
2026-03-26,Gang Sempit Tambora,6.2964909090909105,17.6,16.8,0.0,1,0,0.0,85,0,3,3
2026-03-27,JIS,140.6770909090909,17.9,17.6,16.8,0,0,0.0,86,0,4,3
2026-03-27,GBK,99.64627272727273,17.9,17.6,16.8,0,0,0.0,86,0,4,3
2026-03-27,Pasar Senen,58.02930000000001,17.9,17.6,16.8,0,0,0.0,86,0,4,3
2026-03-27,Gang Sempit Tambora,9.964627272727274,17.9,17.6,16.8,0,0,0.0,86,0,4,3
2026-03-28,JIS,149.85981818181818,0.0,17.9,17.6,0,0,0.0,87,1,5,3
2026-03-28,GBK,116.26029545454546,0.0,17.9,17.6,0,0,0.0,87,1,5,3
2026-03-28,Pasar Senen,53.52136363636364,0.0,17.9,17.6,0,0,0.0,87,1,5,3
2026-03-28,Gang Sempit Tambora,10.10959090909091,0.0,17.9,17.6,0,0,0.0,87,1,5,3
2026-03-29,JIS,151.74523636363637,13.7,0.0,17.9,0,0,0.0,88,1,6,3
2026-03-29,GBK,117.7229909090909,13.7,0.0,17.9,0,0,0.0,88,1,6,3
2026-03-29,Pasar Senen,54.19472727272727,13.7,0.0,17.9,0,0,0.0,88,1,6,3
2026-03-29,Gang Sempit Tambora,10.236781818181818,13.7,0.0,17.9,0,0,0.0,88,1,6,3
2026-03-30,JIS,127.08654545454546,11.7,13.7,0.0,0,0,0.0,89,0,0,3
2026-03-30,GBK,90.01963636363637,11.7,13.7,0.0,0,0,0.0,89,0,0,3
2026-03-30,Pasar Senen,52.42320000000001,11.7,13.7,0.0,0,0,0.0,89,0,0,3
2026-03-30,Gang Sempit Tambora,9.001963636363637,11.7,13.7,0.0,0,0,0.0,89,0,0,3
2026-03-31,JIS,118.67127272727272,0.0,11.7,13.7,0,0,0.0,90,0,1,3
2026-03-31,GBK,84.05881818181818,0.0,11.7,13.7,0,0,0.0,90,0,1,3
2026-03-31,Pasar Senen,48.9519,0.0,11.7,13.7,0,0,0.0,90,0,1,3
2026-03-31,Gang Sempit Tambora,8.405881818181818,0.0,11.7,13.7,0,0,0.0,90,0,1,3
2026-04-01,JIS,127.12036363636363,0.0,0.0,11.7,0,0,0.0,91,0,2,4
2026-04-01,GBK,90.04359090909091,0.0,0.0,11.7,0,0,0.0,91,0,2,4
2026-04-01,Pasar Senen,52.43715000000001,0.0,0.0,11.7,0,0,0.0,91,0,2,4
2026-04-01,Gang Sempit Tambora,9.004359090909093,0.0,0.0,11.7,0,0,0.0,91,0,2,4
2026-04-02,JIS,125.04109090909091,27.3,0.0,0.0,0,0,0.0,92,0,3,4
2026-04-02,GBK,88.57077272727273,27.3,0.0,0.0,0,0,0.0,92,0,3,4
2026-04-02,Pasar Senen,51.57945000000001,27.3,0.0,0.0,0,0,0.0,92,0,3,4
2026-04-02,Gang Sempit Tambora,6.6428079545454555,27.3,0.0,0.0,0,0,0.0,92,0,3,4
2026-04-03,JIS,129.096,0.0,27.3,0.0,1,0,0.0,93,0,4,4
2026-04-03,GBK,91.443,0.0,27.3,0.0,1,0,0.0,93,0,4,4
2026-04-03,Pasar Senen,53.252100000000006,0.0,27.3,0.0,1,0,0.0,93,0,4,4
2026-04-03,Gang Sempit Tambora,9.144300000000001,0.0,27.3,0.0,1,0,0.0,93,0,4,4
2026-04-04,JIS,147.83121818181817,9.7,0.0,27.3,0,0,0.0,94,1,5,4
2026-04-04,GBK,114.68652045454543,9.7,0.0,27.3,0,0,0.0,94,1,5,4
2026-04-04,Pasar Senen,52.79686363636363,9.7,0.0,27.3,0,0,0.0,94,1,5,4
2026-04-04,Gang Sempit Tambora,9.97274090909091,9.7,0.0,27.3,0,0,0.0,94,1,5,4
2026-04-05,JIS,146.29172727272726,0.0,9.7,0.0,0,0,0.0,95,1,6,4
2026-04-05,GBK,113.49219318181817,0.0,9.7,0.0,0,0,0.0,95,1,6,4
2026-04-05,Pasar Senen,52.24704545454545,0.0,9.7,0.0,0,0,0.0,95,1,6,4
2026-04-05,Gang Sempit Tambora,9.868886363636364,0.0,9.7,0.0,0,0,0.0,95,1,6,4
2026-04-06,JIS,131.73163636363637,0.0,0.0,9.7,0,0,0.0,96,0,0,4
2026-04-06,GBK,93.3099090909091,0.0,0.0,9.7,0,0,0.0,96,0,0,4
2026-04-06,Pasar Senen,54.339300000000016,0.0,0.0,9.7,0,0,0.0,96,0,0,4
2026-04-06,Gang Sempit Tambora,9.330990909090911,0.0,0.0,9.7,0,0,0.0,96,0,0,4
2026-04-07,JIS,133.27963636363637,24.4,0.0,0.0,0,0,0.0,97,0,1,4
2026-04-07,GBK,94.4064090909091,24.4,0.0,0.0,0,0,0.0,97,0,1,4
2026-04-07,Pasar Senen,54.97785000000001,24.4,0.0,0.0,0,0,0.0,97,0,1,4
2026-04-07,Gang Sempit Tambora,7.080480681818184,24.4,0.0,0.0,0,0,0.0,97,0,1,4
2026-04-08,JIS,134.8701818181818,12.3,24.4,0.0,0,0,0.0,98,0,2,4
2026-04-08,GBK,95.53304545454546,12.3,24.4,0.0,0,0,0.0,98,0,2,4
2026-04-08,Pasar Senen,55.633950000000006,12.3,24.4,0.0,0,0,0.0,98,0,2,4
2026-04-08,Gang Sempit Tambora,9.553304545454546,12.3,24.4,0.0,0,0,0.0,98,0,2,4
2026-04-09,JIS,177.90436363636366,0.0,12.3,24.4,0,1,1.4,99,0,3,4
2026-04-09,GBK,127.94059090909091,0.0,12.3,24.4,0,1,1.4,99,0,3,4
2026-04-09,Pasar Senen,64.72305000000001,0.0,12.3,24.4,0,0,0.0,99,0,3,4
2026-04-09,Gang Sempit Tambora,11.114059090909093,0.0,12.3,24.4,0,0,0.0,99,0,3,4
2026-04-10,JIS,201.6818181818182,14.8,0.0,12.3,0,1,2.0,100,0,4,4
2026-04-10,GBK,145.60795454545456,14.8,0.0,12.3,0,1,2.0,100,0,4,4
2026-04-10,Pasar Senen,70.81875000000002,14.8,0.0,12.3,0,0,0.0,100,0,4,4
2026-04-10,Gang Sempit Tambora,12.160795454545456,14.8,0.0,12.3,0,0,0.0,100,0,4,4
2026-04-11,JIS,194.95178181818181,9.0,14.8,0.0,0,1,1.4,101,1,5,4
2026-04-11,GBK,153.4561045454545,9.0,14.8,0.0,0,1,1.4,101,1,5,4
2026-04-11,Pasar Senen,61.75063636363636,9.0,14.8,0.0,0,0,0.0,101,1,5,4
2026-04-11,Gang Sempit Tambora,11.664009090909092,9.0,14.8,0.0,0,0,0.0,101,1,5,4
2026-04-12,JIS,146.90569090909094,0.0,9.0,14.8,0,0,0.0,102,1,6,4
2026-04-12,GBK,113.96850227272726,0.0,9.0,14.8,0,0,0.0,102,1,6,4
2026-04-12,Pasar Senen,52.46631818181818,0.0,9.0,14.8,0,0,0.0,102,1,6,4
2026-04-12,Gang Sempit Tambora,9.910304545454546,0.0,9.0,14.8,0,0,0.0,102,1,6,4
2026-04-13,JIS,132.79745454545454,11.8,0.0,9.0,0,0,0.0,103,0,0,4
2026-04-13,GBK,94.06486363636364,11.8,0.0,9.0,0,0,0.0,103,0,0,4
2026-04-13,Pasar Senen,54.77895000000001,11.8,0.0,9.0,0,0,0.0,103,0,0,4
2026-04-13,Gang Sempit Tambora,9.406486363636365,11.8,0.0,9.0,0,0,0.0,103,0,0,4
2026-04-14,JIS,130.31127272727272,27.3,11.8,0.0,0,0,0.0,104,0,1,4
2026-04-14,GBK,92.30381818181817,27.3,11.8,0.0,0,0,0.0,104,0,1,4
2026-04-14,Pasar Senen,53.753400000000006,27.3,11.8,0.0,0,0,0.0,104,0,1,4
2026-04-14,Gang Sempit Tambora,6.922786363636364,27.3,11.8,0.0,0,0,0.0,104,0,1,4
2026-04-15,JIS,130.0930909090909,0.0,27.3,11.8,0,0,0.0,105,0,2,4
2026-04-15,GBK,92.14927272727272,0.0,27.3,11.8,0,0,0.0,105,0,2,4
2026-04-15,Pasar Senen,53.6634,0.0,27.3,11.8,0,0,0.0,105,0,2,4
2026-04-15,Gang Sempit Tambora,9.214927272727273,0.0,27.3,11.8,0,0,0.0,105,0,2,4
2026-04-16,JIS,134.21454545454546,0.0,0.0,27.3,0,0,0.0,106,0,3,4
2026-04-16,GBK,95.06863636363637,0.0,0.0,27.3,0,0,0.0,106,0,3,4
2026-04-16,Pasar Senen,55.36350000000001,0.0,0.0,27.3,0,0,0.0,106,0,3,4
2026-04-16,Gang Sempit Tambora,9.506863636363638,0.0,0.0,27.3,0,0,0.0,106,0,3,4
2026-04-17,JIS,134.9629090909091,13.1,0.0,0.0,0,0,0.0,107,0,4,4
2026-04-17,GBK,95.59872727272729,13.1,0.0,0.0,0,0,0.0,107,0,4,4
2026-04-17,Pasar Senen,55.67220000000002,13.1,0.0,0.0,0,0,0.0,107,0,4,4
2026-04-17,Gang Sempit Tambora,9.55987272727273,13.1,0.0,0.0,0,0,0.0,107,0,4,4
2026-04-18,JIS,154.55847272727272,12.4,13.1,0.0,0,0,0.0,108,1,5,4
2026-04-18,GBK,119.90548181818181,12.4,13.1,0.0,0,0,0.0,108,1,5,4
2026-04-18,Pasar Senen,55.19945454545454,12.4,13.1,0.0,0,0,0.0,108,1,5,4
2026-04-18,Gang Sempit Tambora,10.426563636363637,12.4,13.1,0.0,0,0,0.0,108,1,5,4
2026-04-19,JIS,164.41167272727273,0.0,12.4,13.1,0,0,0.0,109,1,6,4
2026-04-19,GBK,127.54953181818179,0.0,12.4,13.1,0,0,0.0,109,1,6,4
2026-04-19,Pasar Senen,58.71845454545454,0.0,12.4,13.1,0,0,0.0,109,1,6,4
2026-04-19,Gang Sempit Tambora,11.091263636363637,0.0,12.4,13.1,0,0,0.0,109,1,6,4
2026-04-20,JIS,146.64545454545456,0.0,0.0,12.4,0,0,0.0,110,0,0,4
2026-04-20,GBK,103.87386363636364,0.0,0.0,12.4,0,0,0.0,110,0,0,4
2026-04-20,Pasar Senen,60.49125000000001,0.0,0.0,12.4,0,0,0.0,110,0,0,4
2026-04-20,Gang Sempit Tambora,10.387386363636365,0.0,0.0,12.4,0,0,0.0,110,0,0,4
2026-04-21,JIS,145.67672727272728,7.2,0.0,0.0,0,0,0.0,111,0,1,4
2026-04-21,GBK,103.18768181818182,7.2,0.0,0.0,0,0,0.0,111,0,1,4
2026-04-21,Pasar Senen,60.09165000000001,7.2,0.0,0.0,0,0,0.0,111,0,1,4
2026-04-21,Gang Sempit Tambora,10.318768181818182,7.2,0.0,0.0,0,0,0.0,111,0,1,4
2026-04-22,JIS,142.70618181818182,24.3,7.2,0.0,0,0,0.0,112,0,2,4
2026-04-22,GBK,101.08354545454546,24.3,7.2,0.0,0,0,0.0,112,0,2,4
2026-04-22,Pasar Senen,58.8663,24.3,7.2,0.0,0,0,0.0,112,0,2,4
2026-04-22,Gang Sempit Tambora,7.581265909090909,24.3,7.2,0.0,0,0,0.0,112,0,2,4
2026-04-23,JIS,148.6429090909091,0.0,24.3,7.2,0,0,0.0,113,0,3,4
2026-04-23,GBK,105.28872727272727,0.0,24.3,7.2,0,0,0.0,113,0,3,4
2026-04-23,Pasar Senen,61.31520000000001,0.0,24.3,7.2,0,0,0.0,113,0,3,4
2026-04-23,Gang Sempit Tambora,10.528872727272729,0.0,24.3,7.2,0,0,0.0,113,0,3,4
2026-04-24,JIS,143.7447272727273,0.0,0.0,24.3,0,0,0.0,114,0,4,4
2026-04-24,GBK,101.81918181818183,0.0,0.0,24.3,0,0,0.0,114,0,4,4
2026-04-24,Pasar Senen,59.29470000000001,0.0,0.0,24.3,0,0,0.0,114,0,4,4
2026-04-24,Gang Sempit Tambora,10.181918181818183,0.0,0.0,24.3,0,0,0.0,114,0,4,4
2026-04-25,JIS,161.08985454545453,23.4,0.0,0.0,0,0,0.0,115,1,5,4
2026-04-25,GBK,124.97248636363635,23.4,0.0,0.0,0,0,0.0,115,1,5,4
2026-04-25,Pasar Senen,57.532090909090904,23.4,0.0,0.0,0,0,0.0,115,1,5,4
2026-04-25,Gang Sempit Tambora,8.150379545454545,23.4,0.0,0.0,0,0,0.0,115,1,5,4
2026-04-26,JIS,151.01214545454548,0.0,23.4,0.0,0,0,0.0,116,1,6,4
2026-04-26,GBK,117.15426363636364,0.0,23.4,0.0,0,0,0.0,116,1,6,4
2026-04-26,Pasar Senen,53.93290909090909,0.0,23.4,0.0,0,0,0.0,116,1,6,4
2026-04-26,Gang Sempit Tambora,10.187327272727273,0.0,23.4,0.0,0,0,0.0,116,1,6,4
2026-04-27,JIS,128.22327272727273,0.0,0.0,23.4,0,0,0.0,117,0,0,4
2026-04-27,GBK,90.82481818181819,0.0,0.0,23.4,0,0,0.0,117,0,0,4
2026-04-27,Pasar Senen,52.892100000000006,0.0,0.0,23.4,0,0,0.0,117,0,0,4
2026-04-27,Gang Sempit Tambora,9.082481818181819,0.0,0.0,23.4,0,0,0.0,117,0,0,4
2026-04-28,JIS,137.07272727272726,37.7,0.0,0.0,0,0,0.0,118,0,1,4
2026-04-28,GBK,97.09318181818182,37.7,0.0,0.0,0,0,0.0,118,0,1,4
2026-04-28,Pasar Senen,56.54250000000001,37.7,0.0,0.0,0,0,0.0,118,0,1,4
2026-04-28,Gang Sempit Tambora,7.2819886363636375,37.7,0.0,0.0,0,0,0.0,118,0,1,4
2026-04-29,JIS,128.51345454545455,14.3,37.7,0.0,0,0,0.0,119,0,2,4
2026-04-29,GBK,91.03036363636365,14.3,37.7,0.0,0,0,0.0,119,0,2,4
2026-04-29,Pasar Senen,53.01180000000001,14.3,37.7,0.0,0,0,0.0,119,0,2,4
2026-04-29,Gang Sempit Tambora,9.103036363636365,14.3,37.7,0.0,0,0,0.0,119,0,2,4
2026-04-30,JIS,182.0629090909091,0.0,14.3,37.7,0,1,1.4,120,0,3,4
2026-04-30,GBK,130.8862272727273,0.0,14.3,37.7,0,1,1.4,120,0,3,4
2026-04-30,Pasar Senen,66.43845,0.0,14.3,37.7,0,0,0.0,120,0,3,4
2026-04-30,Gang Sempit Tambora,11.408622727272729,0.0,14.3,37.7,0,0,0.0,120,0,3,4
2026-05-01,JIS,229.3123636363636,14.5,0.0,14.3,1,1,3.0,121,0,4,5
2026-05-01,GBK,166.5545909090909,14.5,0.0,14.3,1,1,3.0,121,0,4,5
2026-05-01,Pasar Senen,76.02885,14.5,0.0,14.3,1,0,0.0,121,0,4,5
2026-05-01,Gang Sempit Tambora,13.05545909090909,14.5,0.0,14.3,1,0,0.0,121,0,4,5
2026-05-02,JIS,201.77754545454547,13.4,14.5,0.0,0,1,1.4,122,1,5,5
2026-05-02,GBK,158.75148863636363,13.4,14.5,0.0,0,1,1.4,122,1,5,5
2026-05-02,Pasar Senen,64.18840909090909,13.4,14.5,0.0,0,0,0.0,122,1,5,5
2026-05-02,Gang Sempit Tambora,12.124477272727274,13.4,14.5,0.0,0,0,0.0,122,1,5,5
2026-05-03,JIS,146.69034545454545,10.0,13.4,14.5,0,0,0.0,123,1,6,5
2026-05-03,GBK,113.80143863636363,10.0,13.4,14.5,0,0,0.0,123,1,6,5
2026-05-03,Pasar Senen,52.38940909090909,10.0,13.4,14.5,0,0,0.0,123,1,6,5
2026-05-03,Gang Sempit Tambora,9.895777272727274,10.0,13.4,14.5,0,0,0.0,123,1,6,5
2026-05-04,JIS,127.34727272727272,0.0,10.0,13.4,0,0,0.0,124,0,0,5
2026-05-04,GBK,90.20431818181818,0.0,10.0,13.4,0,0,0.0,124,0,0,5
2026-05-04,Pasar Senen,52.530750000000005,0.0,10.0,13.4,0,0,0.0,124,0,0,5
2026-05-04,Gang Sempit Tambora,9.02043181818182,0.0,10.0,13.4,0,0,0.0,124,0,0,5
2026-05-05,JIS,132.2410909090909,26.7,0.0,10.0,0,0,0.0,125,0,1,5
2026-05-05,GBK,93.67077272727272,26.7,0.0,10.0,0,0,0.0,125,0,1,5
2026-05-05,Pasar Senen,54.54945000000001,26.7,0.0,10.0,0,0,0.0,125,0,1,5
2026-05-05,Gang Sempit Tambora,7.025307954545456,26.7,0.0,10.0,0,0,0.0,125,0,1,5
2026-05-06,JIS,129.85418181818181,0.0,26.7,0.0,0,0,0.0,126,0,2,5
2026-05-06,GBK,91.98004545454545,0.0,26.7,0.0,0,0,0.0,126,0,2,5
2026-05-06,Pasar Senen,53.56485,0.0,26.7,0.0,0,0,0.0,126,0,2,5
2026-05-06,Gang Sempit Tambora,9.198004545454546,0.0,26.7,0.0,0,0,0.0,126,0,2,5
2026-05-07,JIS,130.8010909090909,0.0,0.0,26.7,0,0,0.0,127,0,3,5
2026-05-07,GBK,92.65077272727272,0.0,0.0,26.7,0,0,0.0,127,0,3,5
2026-05-07,Pasar Senen,53.955450000000006,0.0,0.0,26.7,0,0,0.0,127,0,3,5
2026-05-07,Gang Sempit Tambora,9.265077272727273,0.0,0.0,26.7,0,0,0.0,127,0,3,5
2026-05-08,JIS,142.90363636363637,30.7,0.0,0.0,0,0,0.0,128,0,4,5
2026-05-08,GBK,101.22340909090909,30.7,0.0,0.0,0,0,0.0,128,0,4,5
2026-05-08,Pasar Senen,58.94775,30.7,0.0,0.0,0,0,0.0,128,0,4,5
2026-05-08,Gang Sempit Tambora,7.591755681818183,30.7,0.0,0.0,0,0,0.0,128,0,4,5
2026-05-09,JIS,158.5629818181818,30.6,30.7,0.0,0,0,0.0,129,1,5,5
2026-05-09,GBK,123.01215454545452,30.6,30.7,0.0,0,0,0.0,129,1,5,5
2026-05-09,Pasar Senen,56.62963636363636,30.6,30.7,0.0,0,0,0.0,129,1,5,5
2026-05-09,Gang Sempit Tambora,8.022531818181818,30.6,30.7,0.0,0,0,0.0,129,1,5,5
2026-05-10,JIS,154.3374,35.5,30.6,30.7,0,0,0.0,130,1,6,5
2026-05-10,GBK,119.73397499999999,35.5,30.6,30.7,0,0,0.0,130,1,6,5
2026-05-10,Pasar Senen,55.1205,35.5,30.6,30.7,0,0,0.0,130,1,6,5
2026-05-10,Gang Sempit Tambora,7.808737499999999,35.5,30.6,30.7,0,0,0.0,130,1,6,5
2026-05-11,JIS,129.90654545454547,30.4,35.5,30.6,0,0,0.0,131,0,0,5
2026-05-11,GBK,92.01713636363637,30.4,35.5,30.6,0,0,0.0,131,0,0,5
2026-05-11,Pasar Senen,53.586450000000006,30.4,35.5,30.6,0,0,0.0,131,0,0,5
2026-05-11,Gang Sempit Tambora,6.901285227272728,30.4,35.5,30.6,0,0,0.0,131,0,0,5
2026-05-12,JIS,140.27345454545454,18.5,30.4,35.5,0,0,0.0,132,0,1,5
2026-05-12,GBK,99.36036363636363,18.5,30.4,35.5,0,0,0.0,132,0,1,5
2026-05-12,Pasar Senen,57.8628,18.5,30.4,35.5,0,0,0.0,132,0,1,5
2026-05-12,Gang Sempit Tambora,9.936036363636363,18.5,30.4,35.5,0,0,0.0,132,0,1,5
2026-05-13,JIS,129.7538181818182,27.4,18.5,30.4,0,0,0.0,133,0,2,5
2026-05-13,GBK,91.90895454545456,27.4,18.5,30.4,0,0,0.0,133,0,2,5
2026-05-13,Pasar Senen,53.52345000000001,27.4,18.5,30.4,0,0,0.0,133,0,2,5
2026-05-13,Gang Sempit Tambora,6.893171590909093,27.4,18.5,30.4,0,0,0.0,133,0,2,5
2026-05-14,JIS,129.6010909090909,23.7,27.4,18.5,1,0,0.0,134,0,3,5
2026-05-14,GBK,91.80077272727273,23.7,27.4,18.5,1,0,0.0,134,0,3,5
2026-05-14,Pasar Senen,53.46045,23.7,27.4,18.5,1,0,0.0,134,0,3,5
2026-05-14,Gang Sempit Tambora,6.885057954545454,23.7,27.4,18.5,1,0,0.0,134,0,3,5
2026-05-15,JIS,136.5032727272727,0.0,23.7,27.4,0,0,0.0,135,0,4,5
2026-05-15,GBK,96.68981818181817,0.0,23.7,27.4,0,0,0.0,135,0,4,5
2026-05-15,Pasar Senen,56.3076,0.0,23.7,27.4,0,0,0.0,135,0,4,5
2026-05-15,Gang Sempit Tambora,9.668981818181818,0.0,23.7,27.4,0,0,0.0,135,0,4,5
2026-05-16,JIS,136.33658181818186,0.0,0.0,23.7,0,0,0.0,136,1,5,5
2026-05-16,GBK,105.76905454545454,0.0,0.0,23.7,0,0,0.0,136,1,5,5
2026-05-16,Pasar Senen,48.69163636363637,0.0,0.0,23.7,0,0,0.0,136,1,5,5
2026-05-16,Gang Sempit Tambora,9.197309090909092,0.0,0.0,23.7,0,0,0.0,136,1,5,5
2026-05-17,JIS,153.36720000000003,0.0,0.0,0.0,0,0,0.0,137,1,6,5
2026-05-17,GBK,118.98129999999999,0.0,0.0,0.0,0,0,0.0,137,1,6,5
2026-05-17,Pasar Senen,54.77400000000001,0.0,0.0,0.0,0,0,0.0,137,1,6,5
2026-05-17,Gang Sempit Tambora,10.346200000000001,0.0,0.0,0.0,0,0,0.0,137,1,6,5
2026-05-18,JIS,140.60945454545455,23.7,0.0,0.0,0,0,0.0,138,0,0,5
2026-05-18,GBK,99.59836363636364,23.7,0.0,0.0,0,0,0.0,138,0,0,5
2026-05-18,Pasar Senen,58.00140000000001,23.7,0.0,0.0,0,0,0.0,138,0,0,5
2026-05-18,Gang Sempit Tambora,7.469877272727274,23.7,0.0,0.0,0,0,0.0,138,0,0,5
2026-05-19,JIS,134.49163636363636,0.0,23.7,0.0,0,0,0.0,139,0,1,5
2026-05-19,GBK,95.26490909090909,0.0,23.7,0.0,0,0,0.0,139,0,1,5
2026-05-19,Pasar Senen,55.4778,0.0,23.7,0.0,0,0,0.0,139,0,1,5
2026-05-19,Gang Sempit Tambora,9.52649090909091,0.0,23.7,0.0,0,0,0.0,139,0,1,5
2026-05-20,JIS,138.78545454545454,34.7,0.0,23.7,0,0,0.0,140,0,2,5
2026-05-20,GBK,98.30636363636363,34.7,0.0,23.7,0,0,0.0,140,0,2,5
2026-05-20,Pasar Senen,57.24900000000001,34.7,0.0,23.7,0,0,0.0,140,0,2,5
2026-05-20,Gang Sempit Tambora,7.372977272727272,34.7,0.0,23.7,0,0,0.0,140,0,2,5
2026-05-21,JIS,133.36363636363637,21.7,34.7,0.0,0,0,0.0,141,0,3,5
2026-05-21,GBK,94.4659090909091,21.7,34.7,0.0,0,0,0.0,141,0,3,5
2026-05-21,Pasar Senen,55.01250000000001,21.7,34.7,0.0,0,0,0.0,141,0,3,5
2026-05-21,Gang Sempit Tambora,7.084943181818183,21.7,34.7,0.0,0,0,0.0,141,0,3,5
2026-05-22,JIS,135.3109090909091,0.0,21.7,34.7,0,0,0.0,142,0,4,5
2026-05-22,GBK,95.84522727272729,0.0,21.7,34.7,0,0,0.0,142,0,4,5
2026-05-22,Pasar Senen,55.815750000000016,0.0,21.7,34.7,0,0,0.0,142,0,4,5
2026-05-22,Gang Sempit Tambora,9.584522727272729,0.0,21.7,34.7,0,0,0.0,142,0,4,5
2026-05-23,JIS,151.84947272727274,32.7,0.0,21.7,0,0,0.0,143,1,5,5
2026-05-23,GBK,117.80385681818183,32.7,0.0,21.7,0,0,0.0,143,1,5,5
2026-05-23,Pasar Senen,54.23195454545455,32.7,0.0,21.7,0,0,0.0,143,1,5,5
2026-05-23,Gang Sempit Tambora,7.682860227272728,32.7,0.0,21.7,0,0,0.0,143,1,5,5
2026-05-24,JIS,144.88396363636363,0.0,32.7,0.0,0,0,0.0,144,1,6,5
2026-05-24,GBK,112.40005909090908,0.0,32.7,0.0,0,0,0.0,144,1,6,5
2026-05-24,Pasar Senen,51.74427272727273,0.0,32.7,0.0,0,0,0.0,144,1,6,5
2026-05-24,Gang Sempit Tambora,9.773918181818184,0.0,32.7,0.0,0,0,0.0,144,1,6,5
2026-05-25,JIS,133.068,9.7,0.0,32.7,0,0,0.0,145,0,0,5
2026-05-25,GBK,94.2565,9.7,0.0,32.7,0,0,0.0,145,0,0,5
2026-05-25,Pasar Senen,54.89055000000001,9.7,0.0,32.7,0,0,0.0,145,0,0,5
2026-05-25,Gang Sempit Tambora,9.425650000000001,9.7,0.0,32.7,0,0,0.0,145,0,0,5
2026-05-26,JIS,132.62618181818183,30.3,9.7,0.0,0,0,0.0,146,0,1,5
2026-05-26,GBK,93.94354545454546,30.3,9.7,0.0,0,0,0.0,146,0,1,5
2026-05-26,Pasar Senen,54.70830000000001,30.3,9.7,0.0,0,0,0.0,146,0,1,5
2026-05-26,Gang Sempit Tambora,7.04576590909091,30.3,9.7,0.0,0,0,0.0,146,0,1,5
2026-05-27,JIS,136.4181818181818,25.1,30.3,9.7,1,0,0.0,147,0,2,5
2026-05-27,GBK,96.62954545454545,25.1,30.3,9.7,1,0,0.0,147,0,2,5
2026-05-27,Pasar Senen,56.2725,25.1,30.3,9.7,1,0,0.0,147,0,2,5
2026-05-27,Gang Sempit Tambora,7.24721590909091,25.1,30.3,9.7,1,0,0.0,147,0,2,5
2026-05-28,JIS,138.52472727272726,19.0,25.1,30.3,1,0,0.0,148,0,3,5
2026-05-28,GBK,98.12168181818183,19.0,25.1,30.3,1,0,0.0,148,0,3,5
2026-05-28,Pasar Senen,57.141450000000006,19.0,25.1,30.3,1,0,0.0,148,0,3,5
2026-05-28,Gang Sempit Tambora,9.812168181818183,19.0,25.1,30.3,1,0,0.0,148,0,3,5
2026-05-29,JIS,229.69527272727274,36.3,19.0,25.1,0,1,2.3,149,0,4,5
2026-05-29,GBK,165.8633181818182,36.3,19.0,25.1,0,1,2.3,149,0,4,5
2026-05-29,Pasar Senen,80.51805000000002,36.3,19.0,25.1,0,0,0.0,149,0,4,5
2026-05-29,Gang Sempit Tambora,10.369748863636365,36.3,19.0,25.1,0,0,0.0,149,0,4,5
2026-05-30,JIS,277.2721636363637,11.0,36.3,19.0,0,1,3.1,150,1,5,5
2026-05-30,GBK,220.00785909090905,11.0,36.3,19.0,0,1,3.1,150,1,5,5
2026-05-30,Pasar Senen,81.58827272727272,11.0,36.3,19.0,0,0,0.0,150,1,5,5
2026-05-30,Gang Sempit Tambora,15.411118181818184,11.0,36.3,19.0,0,0,0.0,150,1,5,5
2026-05-31,JIS,305.53510909090915,0.0,11.0,36.3,1,1,3.8,151,1,6,5
2026-05-31,GBK,243.04094772727268,0.0,11.0,36.3,1,1,3.8,151,1,6,5
2026-05-31,Pasar Senen,87.74468181818182,0.0,11.0,36.3,1,0,0.0,151,1,6,5
2026-05-31,Gang Sempit Tambora,16.573995454545457,0.0,11.0,36.3,1,0,0.0,151,1,6,5
2026-06-01,JIS,291.3436363636364,19.9,0.0,11.0,0,1,4.0,152,0,0,6
2026-06-01,GBK,211.8684090909091,19.9,0.0,11.0,0,1,4.0,152,0,0,6
2026-06-01,Pasar Senen,95.42925000000001,19.9,0.0,11.0,0,0,0.0,152,0,0,6
2026-06-01,Gang Sempit Tambora,16.38684090909091,19.9,0.0,11.0,0,0,0.0,152,0,0,6
2026-06-02,JIS,259.3887272727273,0.0,19.9,0.0,0,1,3.8,153,0,1,6
2026-06-02,GBK,188.95868181818182,0.0,19.9,0.0,0,1,3.8,153,0,1,6
2026-06-02,Pasar Senen,83.48535000000001,0.0,19.9,0.0,0,0,0.0,153,0,1,6
2026-06-02,Gang Sempit Tambora,14.335868181818183,0.0,19.9,0.0,0,0,0.0,153,0,1,6
2026-06-03,JIS,221.66400000000002,24.2,0.0,19.9,0,1,3.1,154,0,2,6
2026-06-03,GBK,161.27450000000002,24.2,0.0,19.9,0,1,3.1,154,0,2,6
2026-06-03,Pasar Senen,72.25515000000001,24.2,0.0,19.9,0,0,0.0,154,0,2,6
2026-06-03,Gang Sempit Tambora,9.305587500000001,24.2,0.0,19.9,0,0,0.0,154,0,2,6
2026-06-04,JIS,204.19854545454544,0.0,24.2,0.0,0,1,2.3,155,0,3,6
2026-06-04,GBK,147.80313636363636,0.0,24.2,0.0,0,1,2.3,155,0,3,6
2026-06-04,Pasar Senen,70.00065000000001,0.0,24.2,0.0,0,0,0.0,155,0,3,6
2026-06-04,Gang Sempit Tambora,12.020313636363637,0.0,24.2,0.0,0,0,0.0,155,0,3,6
2026-06-05,JIS,147.12,15.3,0.0,24.2,0,0,0.0,156,0,4,6
2026-06-05,GBK,104.21000000000001,15.3,0.0,24.2,0,0,0.0,156,0,4,6
2026-06-05,Pasar Senen,60.68700000000001,15.3,0.0,24.2,0,0,0.0,156,0,4,6
2026-06-05,Gang Sempit Tambora,10.421000000000001,15.3,0.0,24.2,0,0,0.0,156,0,4,6
2026-06-06,JIS,161.6763272727273,0.0,15.3,0.0,0,0,0.0,157,1,5,6
2026-06-06,GBK,125.42746818181817,0.0,15.3,0.0,0,0,0.0,157,1,5,6
2026-06-06,Pasar Senen,57.74154545454545,0.0,15.3,0.0,0,0,0.0,157,1,5,6
2026-06-06,Gang Sempit Tambora,10.906736363636364,0.0,15.3,0.0,0,0,0.0,157,1,5,6
2026-06-07,JIS,170.75520000000003,15.3,0.0,15.3,0,0,0.0,158,1,6,6
2026-06-07,GBK,132.4708,15.3,0.0,15.3,0,0,0.0,158,1,6,6
2026-06-07,Pasar Senen,60.98400000000001,15.3,0.0,15.3,0,0,0.0,158,1,6,6
2026-06-07,Gang Sempit Tambora,11.519200000000001,15.3,0.0,15.3,0,0,0.0,158,1,6,6
2026-06-08,JIS,149.1501818181818,25.0,15.3,0.0,0,0,0.0,159,0,0,6
2026-06-08,GBK,105.64804545454545,25.0,15.3,0.0,0,0,0.0,159,0,0,6
2026-06-08,Pasar Senen,61.52445,25.0,15.3,0.0,0,0,0.0,159,0,0,6
2026-06-08,Gang Sempit Tambora,7.9236034090909095,25.0,15.3,0.0,0,0,0.0,159,0,0,6
2026-06-09,JIS,148.3450909090909,0.0,25.0,15.3,0,0,0.0,160,0,1,6
2026-06-09,GBK,105.07777272727273,0.0,25.0,15.3,0,0,0.0,160,0,1,6
2026-06-09,Pasar Senen,61.192350000000005,0.0,25.0,15.3,0,0,0.0,160,0,1,6
2026-06-09,Gang Sempit Tambora,10.507777272727273,0.0,25.0,15.3,0,0,0.0,160,0,1,6
2026-06-10,JIS,144.48654545454545,17.8,0.0,25.0,0,0,0.0,161,0,2,6
2026-06-10,GBK,102.34463636363635,17.8,0.0,25.0,0,0,0.0,161,0,2,6
2026-06-10,Pasar Senen,59.600699999999996,17.8,0.0,25.0,0,0,0.0,161,0,2,6
2026-06-10,Gang Sempit Tambora,10.234463636363637,17.8,0.0,25.0,0,0,0.0,161,0,2,6
2026-06-11,JIS,143.75345454545456,32.6,17.8,0.0,0,0,0.0,162,0,3,6
2026-06-11,GBK,101.82536363636365,32.6,17.8,0.0,0,0,0.0,162,0,3,6
2026-06-11,Pasar Senen,59.298300000000005,32.6,17.8,0.0,0,0,0.0,162,0,3,6
2026-06-11,Gang Sempit Tambora,7.636902272727273,32.6,17.8,0.0,0,0,0.0,162,0,3,6
2026-06-12,JIS,144.82690909090908,25.4,32.6,17.8,0,0,0.0,163,0,4,6
2026-06-12,GBK,102.58572727272727,25.4,32.6,17.8,0,0,0.0,163,0,4,6
2026-06-12,Pasar Senen,59.7411,25.4,32.6,17.8,0,0,0.0,163,0,4,6
2026-06-12,Gang Sempit Tambora,7.693929545454546,25.4,32.6,17.8,0,0,0.0,163,0,4,6
2026-06-13,JIS,151.97089090909094,39.8,25.4,32.6,0,0,0.0,164,1,5,6
2026-06-13,GBK,117.89805227272728,39.8,25.4,32.6,0,0,0.0,164,1,5,6
2026-06-13,Pasar Senen,54.275318181818186,39.8,25.4,32.6,0,0,0.0,164,1,5,6
2026-06-13,Gang Sempit Tambora,7.68900340909091,39.8,25.4,32.6,0,0,0.0,164,1,5,6
2026-06-14,JIS,220.24112727272728,0.0,39.8,25.4,0,1,1.6,165,1,6,6
2026-06-14,GBK,173.39166818181818,0.0,39.8,25.4,0,1,1.6,165,1,6,6
2026-06-14,Pasar Senen,69.65754545454546,0.0,39.8,25.4,0,0,0.0,165,1,6,6
2026-06-14,Gang Sempit Tambora,13.157536363636366,0.0,39.8,25.4,0,0,0.0,165,1,6,6
2026-06-15,JIS,250.4258181818182,29.6,0.0,39.8,0,1,3.5,166,0,0,6
2026-06-15,GBK,182.19745454545455,29.6,0.0,39.8,0,1,3.5,166,0,0,6
2026-06-15,Pasar Senen,81.64440000000002,29.6,0.0,39.8,0,0,0.0,166,0,0,6
2026-06-15,Gang Sempit Tambora,10.514809090909091,29.6,0.0,39.8,0,0,0.0,166,0,0,6
2026-06-16,JIS,208.38436363636364,33.7,29.6,0.0,1,1,1.6,167,0,1,6
2026-06-16,GBK,149.80559090909094,33.7,29.6,0.0,1,1,1.6,167,0,1,6
2026-06-16,Pasar Senen,76.05855000000001,33.7,29.6,0.0,1,0,0.0,167,0,1,6
2026-06-16,Gang Sempit Tambora,9.795419318181818,33.7,29.6,0.0,1,0,0.0,167,0,1,6
2026-06-17,JIS,128.62581818181818,0.0,33.7,29.6,0,0,0.0,168,0,2,6
2026-06-17,GBK,91.10995454545454,0.0,33.7,29.6,0,0,0.0,168,0,2,6
2026-06-17,Pasar Senen,53.058150000000005,0.0,33.7,29.6,0,0,0.0,168,0,2,6
2026-06-17,Gang Sempit Tambora,9.110995454545455,0.0,33.7,29.6,0,0,0.0,168,0,2,6
2026-06-18,JIS,140.11636363636362,35.9,0.0,33.7,0,0,0.0,169,0,3,6
2026-06-18,GBK,99.24909090909091,35.9,0.0,33.7,0,0,0.0,169,0,3,6
2026-06-18,Pasar Senen,57.798,35.9,0.0,33.7,0,0,0.0,169,0,3,6
2026-06-18,Gang Sempit Tambora,7.443681818181819,35.9,0.0,33.7,0,0,0.0,169,0,3,6
2026-06-19,JIS,150.2050909090909,22.7,35.9,0.0,0,0,0.0,170,0,4,6
2026-06-19,GBK,106.39527272727273,22.7,35.9,0.0,0,0,0.0,170,0,4,6
2026-06-19,Pasar Senen,61.9596,22.7,35.9,0.0,0,0,0.0,170,0,4,6
2026-06-19,Gang Sempit Tambora,7.979645454545455,22.7,35.9,0.0,0,0,0.0,170,0,4,6
2026-06-20,JIS,170.5032,33.8,22.7,35.9,0,0,0.0,171,1,5,6
2026-06-20,GBK,132.2753,33.8,22.7,35.9,0,0,0.0,171,1,5,6
2026-06-20,Pasar Senen,60.894,33.8,22.7,35.9,0,0,0.0,171,1,5,6
2026-06-20,Gang Sempit Tambora,8.62665,33.8,22.7,35.9,0,0,0.0,171,1,5,6
2026-06-21,JIS,171.6475090909091,34.9,33.8,22.7,0,0,0.0,172,1,6,6
2026-06-21,GBK,133.1630477272727,34.9,33.8,22.7,0,0,0.0,172,1,6,6
2026-06-21,Pasar Senen,61.30268181818182,34.9,33.8,22.7,0,0,0.0,172,1,6,6
2026-06-21,Gang Sempit Tambora,8.684546590909092,34.9,33.8,22.7,0,0,0.0,172,1,6,6
2026-06-22,JIS,136.69745454545455,0.0,34.9,33.8,0,0,0.0,173,0,0,6
2026-06-22,GBK,96.82736363636364,0.0,34.9,33.8,0,0,0.0,173,0,0,6
2026-06-22,Pasar Senen,56.3877,0.0,34.9,33.8,0,0,0.0,173,0,0,6
2026-06-22,Gang Sempit Tambora,9.682736363636364,0.0,34.9,33.8,0,0,0.0,173,0,0,6
2026-06-23,JIS,139.932,27.4,0.0,34.9,0,0,0.0,174,0,1,6
2026-06-23,GBK,99.1185,27.4,0.0,34.9,0,0,0.0,174,0,1,6
2026-06-23,Pasar Senen,57.72195000000001,27.4,0.0,34.9,0,0,0.0,174,0,1,6
2026-06-23,Gang Sempit Tambora,7.433887499999999,27.4,0.0,34.9,0,0,0.0,174,0,1,6
2026-06-24,JIS,147.82690909090908,0.0,27.4,0.0,0,0,0.0,175,0,2,6
2026-06-24,GBK,104.71072727272727,0.0,27.4,0.0,0,0,0.0,175,0,2,6
2026-06-24,Pasar Senen,60.97860000000001,0.0,27.4,0.0,0,0,0.0,175,0,2,6
2026-06-24,Gang Sempit Tambora,10.471072727272727,0.0,27.4,0.0,0,0,0.0,175,0,2,6
2026-06-25,JIS,155.35745454545454,0.0,0.0,27.4,0,0,0.0,176,0,3,6
2026-06-25,GBK,110.04486363636364,0.0,0.0,27.4,0,0,0.0,176,0,3,6
2026-06-25,Pasar Senen,64.08495,0.0,0.0,27.4,0,0,0.0,176,0,3,6
2026-06-25,Gang Sempit Tambora,11.004486363636365,0.0,0.0,27.4,0,0,0.0,176,0,3,6
2026-06-26,JIS,152.41963636363636,36.1,0.0,0.0,0,0,0.0,177,0,4,6
2026-06-26,GBK,107.9639090909091,36.1,0.0,0.0,0,0,0.0,177,0,4,6
2026-06-26,Pasar Senen,62.87310000000001,36.1,0.0,0.0,0,0,0.0,177,0,4,6
2026-06-26,Gang Sempit Tambora,8.097293181818182,36.1,0.0,0.0,0,0,0.0,177,0,4,6
2026-06-27,JIS,150.96289090909093,0.0,36.1,0.0,0,0,0.0,178,1,5,6
2026-06-27,GBK,117.11605227272727,0.0,36.1,0.0,0,0,0.0,178,1,5,6
2026-06-27,Pasar Senen,53.915318181818186,0.0,36.1,0.0,0,0,0.0,178,1,5,6
2026-06-27,Gang Sempit Tambora,10.184004545454547,0.0,36.1,0.0,0,0,0.0,178,1,5,6
2026-06-28,JIS,161.91,26.9,0.0,36.1,0,0,0.0,179,1,6,6
2026-06-28,GBK,125.60875,26.9,0.0,36.1,0,0,0.0,179,1,6,6
2026-06-28,Pasar Senen,57.825,26.9,0.0,36.1,0,0,0.0,179,1,6,6
2026-06-28,Gang Sempit Tambora,8.191875000000001,26.9,0.0,36.1,0,0,0.0,179,1,6,6
2026-06-29,JIS,150.21709090909093,34.7,26.9,0.0,0,0,0.0,180,0,0,6
2026-06-29,GBK,106.40377272727274,34.7,26.9,0.0,0,0,0.0,180,0,0,6
2026-06-29,Pasar Senen,61.96455000000001,34.7,26.9,0.0,0,0,0.0,180,0,0,6
2026-06-29,Gang Sempit Tambora,7.980282954545456,34.7,26.9,0.0,0,0,0.0,180,0,0,6
2026-06-30,JIS,139.67672727272728,0.0,34.7,26.9,0,0,0.0,181,0,1,6
2026-06-30,GBK,98.93768181818182,0.0,34.7,26.9,0,0,0.0,181,0,1,6
2026-06-30,Pasar Senen,57.61665000000001,0.0,34.7,26.9,0,0,0.0,181,0,1,6
2026-06-30,Gang Sempit Tambora,9.893768181818183,0.0,34.7,26.9,0,0,0.0,181,0,1,6
2026-07-01,JIS,140.71854545454545,26.6,0.0,34.7,0,0,0.0,182,0,2,7
2026-07-01,GBK,99.67563636363637,26.6,0.0,34.7,0,0,0.0,182,0,2,7
2026-07-01,Pasar Senen,58.04640000000001,26.6,0.0,34.7,0,0,0.0,182,0,2,7
2026-07-01,Gang Sempit Tambora,7.475672727272729,26.6,0.0,34.7,0,0,0.0,182,0,2,7
2026-07-02,JIS,135.64145454545454,0.0,26.6,0.0,0,0,0.0,183,0,3,7
2026-07-02,GBK,96.07936363636364,0.0,26.6,0.0,0,0,0.0,183,0,3,7
2026-07-02,Pasar Senen,55.9521,0.0,26.6,0.0,0,0,0.0,183,0,3,7
2026-07-02,Gang Sempit Tambora,9.607936363636364,0.0,26.6,0.0,0,0,0.0,183,0,3,7
2026-07-03,JIS,139.39527272727273,8.4,0.0,26.6,0,0,0.0,184,0,4,7
2026-07-03,GBK,98.73831818181819,8.4,0.0,26.6,0,0,0.0,184,0,4,7
2026-07-03,Pasar Senen,57.50055000000001,8.4,0.0,26.6,0,0,0.0,184,0,4,7
2026-07-03,Gang Sempit Tambora,9.87383181818182,8.4,0.0,26.6,0,0,0.0,184,0,4,7
2026-07-04,JIS,154.67645454545456,0.0,8.4,0.0,0,0,0.0,185,1,5,7
2026-07-04,GBK,119.99701136363637,0.0,8.4,0.0,0,0,0.0,185,1,5,7
2026-07-04,Pasar Senen,55.24159090909092,0.0,8.4,0.0,0,0,0.0,185,1,5,7
2026-07-04,Gang Sempit Tambora,10.434522727272729,0.0,8.4,0.0,0,0,0.0,185,1,5,7
2026-07-05,JIS,160.5159818181818,12.2,0.0,8.4,0,0,0.0,186,1,6,7
2026-07-05,GBK,124.52727954545453,12.2,0.0,8.4,0,0,0.0,186,1,6,7
2026-07-05,Pasar Senen,57.32713636363636,12.2,0.0,8.4,0,0,0.0,186,1,6,7
2026-07-05,Gang Sempit Tambora,10.82845909090909,12.2,0.0,8.4,0,0,0.0,186,1,6,7
2026-07-06,JIS,128.13272727272727,0.0,12.2,0.0,0,0,0.0,187,0,0,7
2026-07-06,GBK,90.76068181818182,0.0,12.2,0.0,0,0,0.0,187,0,0,7
2026-07-06,Pasar Senen,52.85475000000001,0.0,12.2,0.0,0,0,0.0,187,0,0,7
2026-07-06,Gang Sempit Tambora,9.076068181818183,0.0,12.2,0.0,0,0,0.0,187,0,0,7
2026-07-07,JIS,139.07236363636363,0.0,0.0,12.2,0,0,0.0,188,0,1,7
2026-07-07,GBK,98.5095909090909,0.0,0.0,12.2,0,0,0.0,188,0,1,7
2026-07-07,Pasar Senen,57.36735000000001,0.0,0.0,12.2,0,0,0.0,188,0,1,7
2026-07-07,Gang Sempit Tambora,9.850959090909091,0.0,0.0,12.2,0,0,0.0,188,0,1,7
2026-07-08,JIS,145.152,31.3,0.0,0.0,0,0,0.0,189,0,2,7
2026-07-08,GBK,102.816,31.3,0.0,0.0,0,0,0.0,189,0,2,7
2026-07-08,Pasar Senen,59.87520000000001,31.3,0.0,0.0,0,0,0.0,189,0,2,7
2026-07-08,Gang Sempit Tambora,7.711200000000001,31.3,0.0,0.0,0,0,0.0,189,0,2,7
2026-07-09,JIS,130.36254545454545,0.0,31.3,0.0,0,0,0.0,190,0,3,7
2026-07-09,GBK,92.34013636363638,0.0,31.3,0.0,0,0,0.0,190,0,3,7
2026-07-09,Pasar Senen,53.774550000000005,0.0,31.3,0.0,0,0,0.0,190,0,3,7
2026-07-09,Gang Sempit Tambora,9.234013636363638,0.0,31.3,0.0,0,0,0.0,190,0,3,7
2026-07-10,JIS,130.84799999999998,38.5,0.0,31.3,0,0,0.0,191,0,4,7
2026-07-10,GBK,92.684,38.5,0.0,31.3,0,0,0.0,191,0,4,7
2026-07-10,Pasar Senen,53.9748,38.5,0.0,31.3,0,0,0.0,191,0,4,7
2026-07-10,Gang Sempit Tambora,6.951300000000002,38.5,0.0,31.3,0,0,0.0,191,0,4,7
2026-07-11,JIS,148.57690909090908,22.5,38.5,0.0,0,0,0.0,192,1,5,7
2026-07-11,GBK,115.26502272727272,22.5,38.5,0.0,0,0,0.0,192,1,5,7
2026-07-11,Pasar Senen,53.063181818181825,22.5,38.5,0.0,0,0,0.0,192,1,5,7
2026-07-11,Gang Sempit Tambora,7.517284090909093,22.5,38.5,0.0,0,0,0.0,192,1,5,7
2026-07-12,JIS,166.32000000000002,28.0,22.5,38.5,0,0,0.0,193,1,6,7
2026-07-12,GBK,129.03,28.0,22.5,38.5,0,0,0.0,193,1,6,7
2026-07-12,Pasar Senen,59.400000000000006,28.0,22.5,38.5,0,0,0.0,193,1,6,7
2026-07-12,Gang Sempit Tambora,8.415000000000001,28.0,22.5,38.5,0,0,0.0,193,1,6,7
2026-07-13,JIS,147.22799999999998,31.1,28.0,22.5,0,0,0.0,194,0,0,7
2026-07-13,GBK,104.28649999999999,31.1,28.0,22.5,0,0,0.0,194,0,0,7
2026-07-13,Pasar Senen,60.73155,31.1,28.0,22.5,0,0,0.0,194,0,0,7
2026-07-13,Gang Sempit Tambora,7.8214875,31.1,28.0,22.5,0,0,0.0,194,0,0,7
2026-07-14,JIS,135.3229090909091,23.2,31.1,28.0,0,0,0.0,195,0,1,7
2026-07-14,GBK,95.85372727272727,23.2,31.1,28.0,0,0,0.0,195,0,1,7
2026-07-14,Pasar Senen,55.8207,23.2,31.1,28.0,0,0,0.0,195,0,1,7
2026-07-14,Gang Sempit Tambora,7.189029545454545,23.2,31.1,28.0,0,0,0.0,195,0,1,7
2026-07-15,JIS,143.76327272727272,45.0,23.2,31.1,0,0,0.0,196,0,2,7
2026-07-15,GBK,101.83231818181818,45.0,23.2,31.1,0,0,0.0,196,0,2,7
2026-07-15,Pasar Senen,59.302350000000004,45.0,23.2,31.1,0,0,0.0,196,0,2,7
2026-07-15,Gang Sempit Tambora,7.637423863636364,45.0,23.2,31.1,0,0,0.0,196,0,2,7
2026-07-16,JIS,127.19018181818181,27.6,45.0,23.2,0,0,0.0,197,0,3,7
2026-07-16,GBK,90.09304545454546,27.6,45.0,23.2,0,0,0.0,197,0,3,7
2026-07-16,Pasar Senen,52.46595000000001,27.6,45.0,23.2,0,0,0.0,197,0,3,7
2026-07-16,Gang Sempit Tambora,6.756978409090909,27.6,45.0,23.2,0,0,0.0,197,0,3,7
2026-07-17,JIS,128.5930909090909,30.6,27.6,45.0,0,0,0.0,198,0,4,7
2026-07-17,GBK,91.08677272727272,30.6,27.6,45.0,0,0,0.0,198,0,4,7
2026-07-17,Pasar Senen,53.044650000000004,30.6,27.6,45.0,0,0,0.0,198,0,4,7
2026-07-17,Gang Sempit Tambora,6.831507954545455,30.6,27.6,45.0,0,0,0.0,198,0,4,7
2026-07-18,JIS,146.412,40.0,30.6,27.6,0,0,0.0,199,1,5,7
2026-07-18,GBK,113.58549999999998,40.0,30.6,27.6,0,0,0.0,199,1,5,7
2026-07-18,Pasar Senen,52.29,40.0,30.6,27.6,0,0,0.0,199,1,5,7
2026-07-18,Gang Sempit Tambora,7.40775,40.0,30.6,27.6,0,0,0.0,199,1,5,7
2026-07-19,JIS,289.08981818181826,35.9,40.0,30.6,0,1,3.5,200,1,6,7
2026-07-19,GBK,229.80842045454546,35.9,40.0,30.6,0,1,3.5,200,1,6,7
2026-07-19,Pasar Senen,83.55886363636364,35.9,40.0,30.6,0,0,0.0,200,1,6,7
2026-07-19,Gang Sempit Tambora,11.837505681818184,35.9,40.0,30.6,0,0,0.0,200,1,6,7
2026-07-20,JIS,297.2749090909091,0.0,35.9,40.0,0,1,5.0,201,0,0,7
2026-07-20,GBK,217.44472727272728,0.0,35.9,40.0,0,1,5.0,201,0,0,7
2026-07-20,Pasar Senen,91.6884,0.0,35.9,40.0,0,0,0.0,201,0,0,7
2026-07-20,Gang Sempit Tambora,15.744472727272727,0.0,35.9,40.0,0,0,0.0,201,0,0,7
2026-07-21,JIS,258.8749090909091,21.0,0.0,35.9,0,1,3.5,202,0,1,7
2026-07-21,GBK,188.18222727272726,21.0,0.0,35.9,0,1,3.5,202,0,1,7
2026-07-21,Pasar Senen,85.12965,21.0,0.0,35.9,0,0,0.0,202,0,1,7
2026-07-21,Gang Sempit Tambora,10.963667045454546,21.0,0.0,35.9,0,0,0.0,202,0,1,7
2026-07-22,JIS,138.02181818181816,0.0,21.0,0.0,0,0,0.0,203,0,2,7
2026-07-22,GBK,97.76545454545455,0.0,21.0,0.0,0,0,0.0,203,0,2,7
2026-07-22,Pasar Senen,56.934000000000005,0.0,21.0,0.0,0,0,0.0,203,0,2,7
2026-07-22,Gang Sempit Tambora,9.776545454545456,0.0,21.0,0.0,0,0,0.0,203,0,2,7
2026-07-23,JIS,132.08618181818184,32.4,0.0,21.0,0,0,0.0,204,0,3,7
2026-07-23,GBK,93.56104545454546,32.4,0.0,21.0,0,0,0.0,204,0,3,7
2026-07-23,Pasar Senen,54.48555000000002,32.4,0.0,21.0,0,0,0.0,204,0,3,7
2026-07-23,Gang Sempit Tambora,7.01707840909091,32.4,0.0,21.0,0,0,0.0,204,0,3,7
2026-07-24,JIS,134.61818181818182,22.5,32.4,0.0,0,0,0.0,205,0,4,7
2026-07-24,GBK,95.35454545454546,22.5,32.4,0.0,0,0,0.0,205,0,4,7
2026-07-24,Pasar Senen,55.53000000000001,22.5,32.4,0.0,0,0,0.0,205,0,4,7
2026-07-24,Gang Sempit Tambora,7.15159090909091,22.5,32.4,0.0,0,0,0.0,205,0,4,7
2026-07-25,JIS,152.00754545454546,0.0,22.5,32.4,0,0,0.0,206,1,5,7
2026-07-25,GBK,117.92648863636363,0.0,22.5,32.4,0,0,0.0,206,1,5,7
2026-07-25,Pasar Senen,54.28840909090909,0.0,22.5,32.4,0,0,0.0,206,1,5,7
2026-07-25,Gang Sempit Tambora,10.254477272727273,0.0,22.5,32.4,0,0,0.0,206,1,5,7
2026-07-26,JIS,161.1814909090909,28.6,0.0,22.5,0,0,0.0,207,1,6,7
2026-07-26,GBK,125.04357727272726,28.6,0.0,22.5,0,0,0.0,207,1,6,7
2026-07-26,Pasar Senen,57.56481818181818,28.6,0.0,22.5,0,0,0.0,207,1,6,7
2026-07-26,Gang Sempit Tambora,8.15501590909091,28.6,0.0,22.5,0,0,0.0,207,1,6,7
2026-07-27,JIS,135.1930909090909,25.7,28.6,0.0,0,0,0.0,208,0,0,7
2026-07-27,GBK,95.76177272727273,25.7,28.6,0.0,0,0,0.0,208,0,0,7
2026-07-27,Pasar Senen,55.76715,25.7,28.6,0.0,0,0,0.0,208,0,0,7
2026-07-27,Gang Sempit Tambora,7.182132954545455,25.7,28.6,0.0,0,0,0.0,208,0,0,7
2026-07-28,JIS,128.63563636363637,0.0,25.7,28.6,0,0,0.0,209,0,1,7
2026-07-28,GBK,91.1169090909091,0.0,25.7,28.6,0,0,0.0,209,0,1,7
2026-07-28,Pasar Senen,53.06220000000001,0.0,25.7,28.6,0,0,0.0,209,0,1,7
2026-07-28,Gang Sempit Tambora,9.11169090909091,0.0,25.7,28.6,0,0,0.0,209,0,1,7
2026-07-29,JIS,135.8498181818182,18.4,0.0,25.7,0,0,0.0,210,0,2,7
2026-07-29,GBK,96.22695454545456,18.4,0.0,25.7,0,0,0.0,210,0,2,7
2026-07-29,Pasar Senen,56.03805000000001,18.4,0.0,25.7,0,0,0.0,210,0,2,7
2026-07-29,Gang Sempit Tambora,9.622695454545456,18.4,0.0,25.7,0,0,0.0,210,0,2,7
2026-07-30,JIS,136.25454545454545,19.8,18.4,0.0,0,0,0.0,211,0,3,7
2026-07-30,GBK,96.51363636363637,19.8,18.4,0.0,0,0,0.0,211,0,3,7
2026-07-30,Pasar Senen,56.205000000000005,19.8,18.4,0.0,0,0,0.0,211,0,3,7
2026-07-30,Gang Sempit Tambora,9.651363636363637,19.8,18.4,0.0,0,0,0.0,211,0,3,7
2026-07-31,JIS,137.26690909090908,30.9,19.8,18.4,0,0,0.0,212,0,4,7
2026-07-31,GBK,97.23072727272726,30.9,19.8,18.4,0,0,0.0,212,0,4,7
2026-07-31,Pasar Senen,56.622600000000006,30.9,19.8,18.4,0,0,0.0,212,0,4,7
2026-07-31,Gang Sempit Tambora,7.292304545454545,30.9,19.8,18.4,0,0,0.0,212,0,4,7
2026-08-01,JIS,139.89436363636366,0.0,30.9,19.8,0,0,0.0,213,1,5,8
2026-08-01,GBK,108.52915909090909,0.0,30.9,19.8,0,0,0.0,213,1,5,8
2026-08-01,Pasar Senen,49.96227272727273,0.0,30.9,19.8,0,0,0.0,213,1,5,8
2026-08-01,Gang Sempit Tambora,9.437318181818183,0.0,30.9,19.8,0,0,0.0,213,1,5,8
2026-08-02,JIS,147.39365454545455,0.0,0.0,30.9,0,0,0.0,214,1,6,8
2026-08-02,GBK,114.34706136363636,0.0,0.0,30.9,0,0,0.0,214,1,6,8
2026-08-02,Pasar Senen,52.64059090909091,0.0,0.0,30.9,0,0,0.0,214,1,6,8
2026-08-02,Gang Sempit Tambora,9.943222727272728,0.0,0.0,30.9,0,0,0.0,214,1,6,8
2026-08-03,JIS,132.86072727272727,17.8,0.0,0.0,0,0,0.0,215,0,0,8
2026-08-03,GBK,94.10968181818181,17.8,0.0,0.0,0,0,0.0,215,0,0,8
2026-08-03,Pasar Senen,54.80505000000001,17.8,0.0,0.0,0,0,0.0,215,0,0,8
2026-08-03,Gang Sempit Tambora,9.410968181818182,17.8,0.0,0.0,0,0,0.0,215,0,0,8
2026-08-04,JIS,138.04145454545454,0.0,17.8,0.0,0,0,0.0,216,0,1,8
2026-08-04,GBK,97.77936363636364,0.0,17.8,0.0,0,0,0.0,216,0,1,8
2026-08-04,Pasar Senen,56.9421,0.0,17.8,0.0,0,0,0.0,216,0,1,8
2026-08-04,Gang Sempit Tambora,9.777936363636364,0.0,17.8,0.0,0,0,0.0,216,0,1,8
2026-08-05,JIS,140.90836363636365,0.0,0.0,17.8,0,0,0.0,217,0,2,8
2026-08-05,GBK,99.81009090909092,0.0,0.0,17.8,0,0,0.0,217,0,2,8
2026-08-05,Pasar Senen,58.12470000000001,0.0,0.0,17.8,0,0,0.0,217,0,2,8
2026-08-05,Gang Sempit Tambora,9.981009090909092,0.0,0.0,17.8,0,0,0.0,217,0,2,8
2026-08-06,JIS,134.81345454545456,19.7,0.0,0.0,0,0,0.0,218,0,3,8
2026-08-06,GBK,95.49286363636365,19.7,0.0,0.0,0,0,0.0,218,0,3,8
2026-08-06,Pasar Senen,55.61055000000001,19.7,0.0,0.0,0,0,0.0,218,0,3,8
2026-08-06,Gang Sempit Tambora,9.549286363636366,19.7,0.0,0.0,0,0,0.0,218,0,3,8
2026-08-07,JIS,134.0389090909091,23.8,19.7,0.0,0,0,0.0,219,0,4,8
2026-08-07,GBK,94.94422727272728,23.8,19.7,0.0,0,0,0.0,219,0,4,8
2026-08-07,Pasar Senen,55.291050000000006,23.8,19.7,0.0,0,0,0.0,219,0,4,8
2026-08-07,Gang Sempit Tambora,7.120817045454546,23.8,19.7,0.0,0,0,0.0,219,0,4,8
2026-08-08,JIS,151.87925454545456,0.0,23.8,19.7,0,0,0.0,220,1,5,8
2026-08-08,GBK,117.82696136363636,0.0,23.8,19.7,0,0,0.0,220,1,5,8
2026-08-08,Pasar Senen,54.242590909090914,0.0,23.8,19.7,0,0,0.0,220,1,5,8
2026-08-08,Gang Sempit Tambora,10.245822727272728,0.0,23.8,19.7,0,0,0.0,220,1,5,8
2026-08-09,JIS,159.6649090909091,18.4,0.0,23.8,0,0,0.0,221,1,6,8
2026-08-09,GBK,123.86702272727271,18.4,0.0,23.8,0,0,0.0,221,1,6,8
2026-08-09,Pasar Senen,57.02318181818182,18.4,0.0,23.8,0,0,0.0,221,1,6,8
2026-08-09,Gang Sempit Tambora,10.771045454545455,18.4,0.0,23.8,0,0,0.0,221,1,6,8
2026-08-10,JIS,127.75527272727271,27.2,18.4,0.0,0,0,0.0,222,0,0,8
2026-08-10,GBK,90.49331818181817,27.2,18.4,0.0,0,0,0.0,222,0,0,8
2026-08-10,Pasar Senen,52.69905,27.2,18.4,0.0,0,0,0.0,222,0,0,8
2026-08-10,Gang Sempit Tambora,6.786998863636363,27.2,18.4,0.0,0,0,0.0,222,0,0,8
2026-08-11,JIS,126.30218181818182,0.0,27.2,18.4,0,0,0.0,223,0,1,8
2026-08-11,GBK,89.46404545454546,0.0,27.2,18.4,0,0,0.0,223,0,1,8
2026-08-11,Pasar Senen,52.09965000000001,0.0,27.2,18.4,0,0,0.0,223,0,1,8
2026-08-11,Gang Sempit Tambora,8.946404545454547,0.0,27.2,18.4,0,0,0.0,223,0,1,8
2026-08-12,JIS,121.572,26.1,0.0,27.2,0,0,0.0,224,0,2,8
2026-08-12,GBK,86.1135,26.1,0.0,27.2,0,0,0.0,224,0,2,8
2026-08-12,Pasar Senen,50.148450000000004,26.1,0.0,27.2,0,0,0.0,224,0,2,8
2026-08-12,Gang Sempit Tambora,6.458512499999999,26.1,0.0,27.2,0,0,0.0,224,0,2,8
2026-08-13,JIS,131.32363636363638,43.9,26.1,0.0,0,0,0.0,225,0,3,8
2026-08-13,GBK,93.0209090909091,43.9,26.1,0.0,0,0,0.0,225,0,3,8
2026-08-13,Pasar Senen,54.17100000000001,43.9,26.1,0.0,0,0,0.0,225,0,3,8
2026-08-13,Gang Sempit Tambora,6.976568181818183,43.9,26.1,0.0,0,0,0.0,225,0,3,8
2026-08-14,JIS,130.13454545454545,25.7,43.9,26.1,0,0,0.0,226,0,4,8
2026-08-14,GBK,92.17863636363636,25.7,43.9,26.1,0,0,0.0,226,0,4,8
2026-08-14,Pasar Senen,53.6805,25.7,43.9,26.1,0,0,0.0,226,0,4,8
2026-08-14,Gang Sempit Tambora,6.913397727272727,25.7,43.9,26.1,0,0,0.0,226,0,4,8
2026-08-15,JIS,221.76114545454547,26.2,25.7,43.9,0,1,1.8,227,1,5,8
2026-08-15,GBK,174.8871386363636,26.2,25.7,43.9,0,1,1.8,227,1,5,8
2026-08-15,Pasar Senen,69.07540909090909,26.2,25.7,43.9,0,0,0.0,227,1,5,8
2026-08-15,Gang Sempit Tambora,9.785682954545456,26.2,25.7,43.9,0,0,0.0,227,1,5,8
2026-08-16,JIS,264.3182181818182,0.0,26.2,25.7,0,1,3.3,228,1,6,8
2026-08-16,GBK,210.27452045454544,0.0,26.2,25.7,0,1,3.3,228,1,6,8
2026-08-16,Pasar Senen,75.83686363636365,0.0,26.2,25.7,0,0,0.0,228,1,6,8
2026-08-16,Gang Sempit Tambora,14.324740909090911,0.0,26.2,25.7,0,0,0.0,228,1,6,8
2026-08-17,JIS,257.448,15.6,0.0,26.2,1,1,4.0,229,0,0,8
2026-08-17,GBK,187.859,15.6,0.0,26.2,1,1,4.0,229,0,0,8
2026-08-17,Pasar Senen,81.44730000000001,15.6,0.0,26.2,1,0,0.0,229,0,0,8
2026-08-17,Gang Sempit Tambora,13.9859,15.6,0.0,26.2,1,0,0.0,229,0,0,8
2026-08-18,JIS,239.5112727272727,0.0,15.6,0.0,0,1,3.3,230,0,1,8
2026-08-18,GBK,174.19131818181816,0.0,15.6,0.0,0,1,3.3,230,0,1,8
2026-08-18,Pasar Senen,78.37965000000001,0.0,15.6,0.0,0,0,0.0,230,0,1,8
2026-08-18,Gang Sempit Tambora,13.459131818181818,0.0,15.6,0.0,0,0,0.0,230,0,1,8
2026-08-19,JIS,195.8890909090909,30.2,0.0,15.6,0,1,1.8,231,0,2,8
2026-08-19,GBK,141.22977272727272,30.2,0.0,15.6,0,1,1.8,231,0,2,8
2026-08-19,Pasar Senen,69.66675,30.2,0.0,15.6,0,0,0.0,231,0,2,8
2026-08-19,Gang Sempit Tambora,8.972232954545454,30.2,0.0,15.6,0,0,0.0,231,0,2,8
2026-08-20,JIS,112.57527272727273,0.0,30.2,0.0,0,0,0.0,232,0,3,8
2026-08-20,GBK,79.74081818181818,0.0,30.2,0.0,0,0,0.0,232,0,3,8
2026-08-20,Pasar Senen,46.4373,0.0,30.2,0.0,0,0,0.0,232,0,3,8
2026-08-20,Gang Sempit Tambora,7.974081818181819,0.0,30.2,0.0,0,0,0.0,232,0,3,8
2026-08-21,JIS,121.49672727272727,25.9,0.0,30.2,0,0,0.0,233,0,4,8
2026-08-21,GBK,86.06018181818182,25.9,0.0,30.2,0,0,0.0,233,0,4,8
2026-08-21,Pasar Senen,50.1174,25.9,0.0,30.2,0,0,0.0,233,0,4,8
2026-08-21,Gang Sempit Tambora,6.454513636363637,25.9,0.0,30.2,0,0,0.0,233,0,4,8
2026-08-22,JIS,138.77067272727274,0.0,25.9,0.0,0,0,0.0,234,1,5,8
2026-08-22,GBK,107.65740681818181,0.0,25.9,0.0,0,0,0.0,234,1,5,8
2026-08-22,Pasar Senen,49.56095454545455,0.0,25.9,0.0,0,0,0.0,234,1,5,8
2026-08-22,Gang Sempit Tambora,9.361513636363638,0.0,25.9,0.0,0,0,0.0,234,1,5,8
2026-08-23,JIS,149.35123636363636,24.6,0.0,25.9,0,0,0.0,235,1,6,8
2026-08-23,GBK,115.8657409090909,24.6,0.0,25.9,0,0,0.0,235,1,6,8
2026-08-23,Pasar Senen,53.33972727272728,24.6,0.0,25.9,0,0,0.0,235,1,6,8
2026-08-23,Gang Sempit Tambora,7.556461363636364,24.6,0.0,25.9,0,0,0.0,235,1,6,8
2026-08-24,JIS,123.11672727272727,0.0,24.6,0.0,0,0,0.0,236,0,0,8
2026-08-24,GBK,87.20768181818181,0.0,24.6,0.0,0,0,0.0,236,0,0,8
2026-08-24,Pasar Senen,50.785650000000004,0.0,24.6,0.0,0,0,0.0,236,0,0,8
2026-08-24,Gang Sempit Tambora,8.720768181818183,0.0,24.6,0.0,0,0,0.0,236,0,0,8
2026-08-25,JIS,126.20618181818182,19.5,0.0,24.6,1,0,0.0,237,0,1,8
2026-08-25,GBK,89.39604545454546,19.5,0.0,24.6,1,0,0.0,237,0,1,8
2026-08-25,Pasar Senen,52.06005,19.5,0.0,24.6,1,0,0.0,237,0,1,8
2026-08-25,Gang Sempit Tambora,8.939604545454547,19.5,0.0,24.6,1,0,0.0,237,0,1,8
2026-08-26,JIS,130.71818181818182,17.1,19.5,0.0,0,0,0.0,238,0,2,8
2026-08-26,GBK,92.59204545454546,17.1,19.5,0.0,0,0,0.0,238,0,2,8
2026-08-26,Pasar Senen,53.92125000000001,17.1,19.5,0.0,0,0,0.0,238,0,2,8
2026-08-26,Gang Sempit Tambora,9.259204545454546,17.1,19.5,0.0,0,0,0.0,238,0,2,8
2026-08-27,JIS,130.39745454545454,0.0,17.1,19.5,0,0,0.0,239,0,3,8
2026-08-27,GBK,92.36486363636364,0.0,17.1,19.5,0,0,0.0,239,0,3,8
2026-08-27,Pasar Senen,53.78895000000001,0.0,17.1,19.5,0,0,0.0,239,0,3,8
2026-08-27,Gang Sempit Tambora,9.236486363636365,0.0,17.1,19.5,0,0,0.0,239,0,3,8
2026-08-28,JIS,128.9858181818182,21.4,0.0,17.1,0,0,0.0,240,0,4,8
2026-08-28,GBK,91.36495454545455,21.4,0.0,17.1,0,0,0.0,240,0,4,8
2026-08-28,Pasar Senen,53.20665,21.4,0.0,17.1,0,0,0.0,240,0,4,8
2026-08-28,Gang Sempit Tambora,6.852371590909092,21.4,0.0,17.1,0,0,0.0,240,0,4,8
2026-08-29,JIS,138.88636363636365,9.5,21.4,0.0,0,0,0.0,241,1,5,8
2026-08-29,GBK,107.74715909090908,9.5,21.4,0.0,0,0,0.0,241,1,5,8
2026-08-29,Pasar Senen,49.60227272727273,9.5,21.4,0.0,0,0,0.0,241,1,5,8
2026-08-29,Gang Sempit Tambora,9.369318181818183,9.5,21.4,0.0,0,0,0.0,241,1,5,8
2026-08-30,JIS,144.4647272727273,9.3,9.5,21.4,0,0,0.0,242,1,6,8
2026-08-30,GBK,112.07481818181817,9.3,9.5,21.4,0,0,0.0,242,1,6,8
2026-08-30,Pasar Senen,51.594545454545454,9.3,9.5,21.4,0,0,0.0,242,1,6,8
2026-08-30,Gang Sempit Tambora,9.745636363636365,9.3,9.5,21.4,0,0,0.0,242,1,6,8
2026-08-31,JIS,126.77236363636364,0.0,9.3,9.5,0,0,0.0,243,0,0,8
2026-08-31,GBK,89.79709090909091,0.0,9.3,9.5,0,0,0.0,243,0,0,8
2026-08-31,Pasar Senen,52.29360000000001,0.0,9.3,9.5,0,0,0.0,243,0,0,8
2026-08-31,Gang Sempit Tambora,8.979709090909092,0.0,9.3,9.5,0,0,0.0,243,0,0,8
2026-09-01,JIS,126.31090909090909,0.0,0.0,9.3,0,0,0.0,244,0,1,9
2026-09-01,GBK,89.47022727272727,0.0,0.0,9.3,0,0,0.0,244,0,1,9
2026-09-01,Pasar Senen,52.10325,0.0,0.0,9.3,0,0,0.0,244,0,1,9
2026-09-01,Gang Sempit Tambora,8.947022727272728,0.0,0.0,9.3,0,0,0.0,244,0,1,9
2026-09-02,JIS,117.876,9.1,0.0,0.0,0,0,0.0,245,0,2,9
2026-09-02,GBK,83.4955,9.1,0.0,0.0,0,0,0.0,245,0,2,9
2026-09-02,Pasar Senen,48.62385000000001,9.1,0.0,0.0,0,0,0.0,245,0,2,9
2026-09-02,Gang Sempit Tambora,8.34955,9.1,0.0,0.0,0,0,0.0,245,0,2,9
2026-09-03,JIS,119.37709090909091,0.0,9.1,0.0,0,0,0.0,246,0,3,9
2026-09-03,GBK,84.55877272727272,0.0,9.1,0.0,0,0,0.0,246,0,3,9
2026-09-03,Pasar Senen,49.243050000000004,0.0,9.1,0.0,0,0,0.0,246,0,3,9
2026-09-03,Gang Sempit Tambora,8.455877272727273,0.0,9.1,0.0,0,0,0.0,246,0,3,9
2026-09-04,JIS,119.2090909090909,16.4,0.0,9.1,0,0,0.0,247,0,4,9
2026-09-04,GBK,84.43977272727273,16.4,0.0,9.1,0,0,0.0,247,0,4,9
2026-09-04,Pasar Senen,49.173750000000005,16.4,0.0,9.1,0,0,0.0,247,0,4,9
2026-09-04,Gang Sempit Tambora,8.443977272727274,16.4,0.0,9.1,0,0,0.0,247,0,4,9
2026-09-05,JIS,113.10447272727272,10.4,16.4,0.0,0,0,0.0,248,1,5,9
2026-09-05,GBK,87.74573181818181,10.4,16.4,0.0,0,0,0.0,248,1,5,9
2026-09-05,Pasar Senen,40.39445454545454,10.4,16.4,0.0,0,0,0.0,248,1,5,9
2026-09-05,Gang Sempit Tambora,7.630063636363636,10.4,16.4,0.0,0,0,0.0,248,1,5,9
2026-09-06,JIS,125.433,11.4,10.4,16.4,0,0,0.0,249,1,6,9
2026-09-06,GBK,97.310125,11.4,10.4,16.4,0,0,0.0,249,1,6,9
2026-09-06,Pasar Senen,44.79750000000001,11.4,10.4,16.4,0,0,0.0,249,1,6,9
2026-09-06,Gang Sempit Tambora,8.461750000000002,11.4,10.4,16.4,0,0,0.0,249,1,6,9
2026-09-07,JIS,125.57018181818182,31.2,11.4,10.4,0,0,0.0,250,0,0,9
2026-09-07,GBK,88.94554545454545,31.2,11.4,10.4,0,0,0.0,250,0,0,9
2026-09-07,Pasar Senen,51.797700000000006,31.2,11.4,10.4,0,0,0.0,250,0,0,9
2026-09-07,Gang Sempit Tambora,6.67091590909091,31.2,11.4,10.4,0,0,0.0,250,0,0,9
2026-09-08,JIS,125.97818181818182,18.6,31.2,11.4,0,0,0.0,251,0,1,9
2026-09-08,GBK,89.23454545454545,18.6,31.2,11.4,0,0,0.0,251,0,1,9
2026-09-08,Pasar Senen,51.966,18.6,31.2,11.4,0,0,0.0,251,0,1,9
2026-09-08,Gang Sempit Tambora,8.923454545454547,18.6,31.2,11.4,0,0,0.0,251,0,1,9
2026-09-09,JIS,118.97781818181818,17.1,18.6,31.2,0,0,0.0,252,0,2,9
2026-09-09,GBK,84.27595454545454,17.1,18.6,31.2,0,0,0.0,252,0,2,9
2026-09-09,Pasar Senen,49.07835,17.1,18.6,31.2,0,0,0.0,252,0,2,9
2026-09-09,Gang Sempit Tambora,8.427595454545456,17.1,18.6,31.2,0,0,0.0,252,0,2,9
2026-09-10,JIS,126.36981818181818,16.4,17.1,18.6,0,0,0.0,253,0,3,9
2026-09-10,GBK,89.51195454545454,16.4,17.1,18.6,0,0,0.0,253,0,3,9
2026-09-10,Pasar Senen,52.12755,16.4,17.1,18.6,0,0,0.0,253,0,3,9
2026-09-10,Gang Sempit Tambora,8.951195454545456,16.4,17.1,18.6,0,0,0.0,253,0,3,9
2026-09-11,JIS,125.70545454545456,19.9,16.4,17.1,0,0,0.0,254,0,4,9
2026-09-11,GBK,89.04136363636364,19.9,16.4,17.1,0,0,0.0,254,0,4,9
2026-09-11,Pasar Senen,51.853500000000004,19.9,16.4,17.1,0,0,0.0,254,0,4,9
2026-09-11,Gang Sempit Tambora,8.904136363636365,19.9,16.4,17.1,0,0,0.0,254,0,4,9
2026-09-12,JIS,142.24827272727276,0.0,19.9,16.4,0,0,0.0,255,1,5,9
2026-09-12,GBK,110.35530681818182,0.0,19.9,16.4,0,0,0.0,255,1,5,9
2026-09-12,Pasar Senen,50.802954545454554,0.0,19.9,16.4,0,0,0.0,255,1,5,9
2026-09-12,Gang Sempit Tambora,9.596113636363638,0.0,19.9,16.4,0,0,0.0,255,1,5,9
2026-09-13,JIS,156.555,0.0,0.0,19.9,0,0,0.0,256,1,6,9
2026-09-13,GBK,121.45437499999998,0.0,0.0,19.9,0,0,0.0,256,1,6,9
2026-09-13,Pasar Senen,55.9125,0.0,0.0,19.9,0,0,0.0,256,1,6,9
2026-09-13,Gang Sempit Tambora,10.561250000000001,0.0,0.0,19.9,0,0,0.0,256,1,6,9
2026-09-14,JIS,200.0410909090909,23.7,0.0,0.0,0,1,1.8,257,0,0,9
2026-09-14,GBK,144.17077272727272,23.7,0.0,0.0,0,1,1.8,257,0,0,9
2026-09-14,Pasar Senen,71.37945,23.7,0.0,0.0,0,0,0.0,257,0,0,9
2026-09-14,Gang Sempit Tambora,9.192807954545454,23.7,0.0,0.0,0,0,0.0,257,0,0,9
2026-09-15,JIS,203.832,10.9,23.7,0.0,0,1,2.5,258,0,1,9
2026-09-15,GBK,147.8185,10.9,23.7,0.0,0,1,2.5,258,0,1,9
2026-09-15,Pasar Senen,68.61195000000001,10.9,23.7,0.0,0,0,0.0,258,0,1,9
2026-09-15,Gang Sempit Tambora,11.78185,10.9,23.7,0.0,0,0,0.0,258,0,1,9
2026-09-16,JIS,201.852,19.9,10.9,23.7,0,1,1.8,259,0,2,9
2026-09-16,GBK,145.4535,19.9,10.9,23.7,0,1,1.8,259,0,2,9
2026-09-16,Pasar Senen,72.12645,19.9,10.9,23.7,0,0,0.0,259,0,2,9
2026-09-16,Gang Sempit Tambora,12.38535,19.9,10.9,23.7,0,0,0.0,259,0,2,9
2026-09-17,JIS,122.01818181818182,9.2,19.9,10.9,0,0,0.0,260,0,3,9
2026-09-17,GBK,86.42954545454546,9.2,19.9,10.9,0,0,0.0,260,0,3,9
2026-09-17,Pasar Senen,50.3325,9.2,19.9,10.9,0,0,0.0,260,0,3,9
2026-09-17,Gang Sempit Tambora,8.642954545454547,9.2,19.9,10.9,0,0,0.0,260,0,3,9
2026-09-18,JIS,123.79309090909092,0.0,9.2,19.9,0,0,0.0,261,0,4,9
2026-09-18,GBK,87.68677272727274,0.0,9.2,19.9,0,0,0.0,261,0,4,9
2026-09-18,Pasar Senen,51.06465000000001,0.0,9.2,19.9,0,0,0.0,261,0,4,9
2026-09-18,Gang Sempit Tambora,8.768677272727274,0.0,9.2,19.9,0,0,0.0,261,0,4,9
2026-09-19,JIS,131.86816363636365,2.9,0.0,9.2,0,0,0.0,262,1,5,9
2026-09-19,GBK,102.30248409090908,2.9,0.0,9.2,0,0,0.0,262,1,5,9
2026-09-19,Pasar Senen,47.095772727272724,2.9,0.0,9.2,0,0,0.0,262,1,5,9
2026-09-19,Gang Sempit Tambora,8.895868181818182,2.9,0.0,9.2,0,0,0.0,262,1,5,9
2026-09-20,JIS,144.95383636363638,0.0,2.9,0.0,0,0,0.0,263,1,6,9
2026-09-20,GBK,112.4542659090909,0.0,2.9,0.0,0,0,0.0,263,1,6,9
2026-09-20,Pasar Senen,51.76922727272728,0.0,2.9,0.0,0,0,0.0,263,1,6,9
2026-09-20,Gang Sempit Tambora,9.77863181818182,0.0,2.9,0.0,0,0,0.0,263,1,6,9
2026-09-21,JIS,134.32909090909092,14.8,0.0,2.9,0,0,0.0,264,0,0,9
2026-09-21,GBK,95.14977272727273,14.8,0.0,2.9,0,0,0.0,264,0,0,9
2026-09-21,Pasar Senen,55.410750000000014,14.8,0.0,2.9,0,0,0.0,264,0,0,9
2026-09-21,Gang Sempit Tambora,9.514977272727274,14.8,0.0,2.9,0,0,0.0,264,0,0,9
2026-09-22,JIS,134.05963636363637,19.1,14.8,0.0,0,0,0.0,265,0,1,9
2026-09-22,GBK,94.95890909090909,19.1,14.8,0.0,0,0,0.0,265,0,1,9
2026-09-22,Pasar Senen,55.299600000000005,19.1,14.8,0.0,0,0,0.0,265,0,1,9
2026-09-22,Gang Sempit Tambora,9.49589090909091,19.1,14.8,0.0,0,0,0.0,265,0,1,9
2026-09-23,JIS,127.09636363636365,12.5,19.1,14.8,0,0,0.0,266,0,2,9
2026-09-23,GBK,90.02659090909091,12.5,19.1,14.8,0,0,0.0,266,0,2,9
2026-09-23,Pasar Senen,52.42725000000001,12.5,19.1,14.8,0,0,0.0,266,0,2,9
2026-09-23,Gang Sempit Tambora,9.002659090909091,12.5,19.1,14.8,0,0,0.0,266,0,2,9
2026-09-24,JIS,123.3370909090909,11.3,12.5,19.1,0,0,0.0,267,0,3,9
2026-09-24,GBK,87.36377272727273,11.3,12.5,19.1,0,0,0.0,267,0,3,9
2026-09-24,Pasar Senen,50.87655000000001,11.3,12.5,19.1,0,0,0.0,267,0,3,9
2026-09-24,Gang Sempit Tambora,8.736377272727273,11.3,12.5,19.1,0,0,0.0,267,0,3,9
2026-09-25,JIS,127.85781818181817,5.2,11.3,12.5,0,0,0.0,268,0,4,9
2026-09-25,GBK,90.56595454545453,5.2,11.3,12.5,0,0,0.0,268,0,4,9
2026-09-25,Pasar Senen,52.741350000000004,5.2,11.3,12.5,0,0,0.0,268,0,4,9
2026-09-25,Gang Sempit Tambora,9.056595454545455,5.2,11.3,12.5,0,0,0.0,268,0,4,9
2026-09-26,JIS,140.68243636363636,10.0,5.2,11.3,0,0,0.0,269,1,5,9
2026-09-26,GBK,109.1405409090909,10.0,5.2,11.3,0,0,0.0,269,1,5,9
2026-09-26,Pasar Senen,50.24372727272728,10.0,5.2,11.3,0,0,0.0,269,1,5,9
2026-09-26,Gang Sempit Tambora,9.49048181818182,10.0,5.2,11.3,0,0,0.0,269,1,5,9
2026-09-27,JIS,140.71680000000003,0.0,10.0,5.2,0,0,0.0,270,1,6,9
2026-09-27,GBK,109.16720000000001,0.0,10.0,5.2,0,0,0.0,270,1,6,9
2026-09-27,Pasar Senen,50.25600000000001,0.0,10.0,5.2,0,0,0.0,270,1,6,9
2026-09-27,Gang Sempit Tambora,9.4928,0.0,10.0,5.2,0,0,0.0,270,1,6,9
2026-09-28,JIS,117.42436363636362,0.0,0.0,10.0,0,0,0.0,271,0,0,9
2026-09-28,GBK,83.1755909090909,0.0,0.0,10.0,0,0,0.0,271,0,0,9
2026-09-28,Pasar Senen,48.43755,0.0,0.0,10.0,0,0,0.0,271,0,0,9
2026-09-28,Gang Sempit Tambora,8.317559090909091,0.0,0.0,10.0,0,0,0.0,271,0,0,9
2026-09-29,JIS,118.71272727272726,0.0,0.0,0.0,0,0,0.0,272,0,1,9
2026-09-29,GBK,84.08818181818181,0.0,0.0,0.0,0,0,0.0,272,0,1,9
2026-09-29,Pasar Senen,48.969,0.0,0.0,0.0,0,0,0.0,272,0,1,9
2026-09-29,Gang Sempit Tambora,8.408818181818182,0.0,0.0,0.0,0,0,0.0,272,0,1,9
2026-09-30,JIS,116.98472727272728,13.5,0.0,0.0,0,0,0.0,273,0,2,9
2026-09-30,GBK,82.86418181818182,13.5,0.0,0.0,0,0,0.0,273,0,2,9
2026-09-30,Pasar Senen,48.25620000000001,13.5,0.0,0.0,0,0,0.0,273,0,2,9
2026-09-30,Gang Sempit Tambora,8.286418181818183,13.5,0.0,0.0,0,0,0.0,273,0,2,9
2026-10-01,JIS,126.48436363636364,0.0,13.5,0.0,0,0,0.0,274,0,3,10
2026-10-01,GBK,89.5930909090909,0.0,13.5,0.0,0,0,0.0,274,0,3,10
2026-10-01,Pasar Senen,52.174800000000005,0.0,13.5,0.0,0,0,0.0,274,0,3,10
2026-10-01,Gang Sempit Tambora,8.959309090909091,0.0,13.5,0.0,0,0,0.0,274,0,3,10
2026-10-02,JIS,115.8370909090909,8.7,0.0,13.5,0,0,0.0,275,0,4,10
2026-10-02,GBK,82.05127272727273,8.7,0.0,13.5,0,0,0.0,275,0,4,10
2026-10-02,Pasar Senen,47.78280000000001,8.7,0.0,13.5,0,0,0.0,275,0,4,10
2026-10-02,Gang Sempit Tambora,8.205127272727273,8.7,0.0,13.5,0,0,0.0,275,0,4,10
2026-10-03,JIS,124.1054181818182,0.0,8.7,0.0,0,0,0.0,276,1,5,10
2026-10-03,GBK,96.28019545454545,0.0,8.7,0.0,0,0,0.0,276,1,5,10
2026-10-03,Pasar Senen,44.32336363636364,0.0,8.7,0.0,0,0,0.0,276,1,5,10
2026-10-03,Gang Sempit Tambora,8.37219090909091,0.0,8.7,0.0,0,0,0.0,276,1,5,10
2026-10-04,JIS,118.67367272727273,0.0,0.0,8.7,0,0,0.0,277,1,6,10
2026-10-04,GBK,92.0662818181818,0.0,0.0,8.7,0,0,0.0,277,1,6,10
2026-10-04,Pasar Senen,42.38345454545455,0.0,0.0,8.7,0,0,0.0,277,1,6,10
2026-10-04,Gang Sempit Tambora,8.005763636363637,0.0,0.0,8.7,0,0,0.0,277,1,6,10
2026-10-05,JIS,104.808,1.6,0.0,0.0,0,0,0.0,278,0,0,10
2026-10-05,GBK,74.239,1.6,0.0,0.0,0,0,0.0,278,0,0,10
2026-10-05,Pasar Senen,43.23330000000001,1.6,0.0,0.0,0,0,0.0,278,0,0,10
2026-10-05,Gang Sempit Tambora,7.423900000000001,1.6,0.0,0.0,0,0,0.0,278,0,0,10
2026-10-06,JIS,105.90872727272728,0.0,1.6,0.0,0,0,0.0,279,0,1,10
2026-10-06,GBK,75.01868181818182,0.0,1.6,0.0,0,0,0.0,279,0,1,10
2026-10-06,Pasar Senen,43.68735,0.0,1.6,0.0,0,0,0.0,279,0,1,10
2026-10-06,Gang Sempit Tambora,7.501868181818183,0.0,1.6,0.0,0,0,0.0,279,0,1,10
2026-10-07,JIS,112.38872727272727,0.0,0.0,1.6,0,0,0.0,280,0,2,10
2026-10-07,GBK,79.60868181818182,0.0,0.0,1.6,0,0,0.0,280,0,2,10
2026-10-07,Pasar Senen,46.360350000000004,0.0,0.0,1.6,0,0,0.0,280,0,2,10
2026-10-07,Gang Sempit Tambora,7.960868181818182,0.0,0.0,1.6,0,0,0.0,280,0,2,10
2026-10-08,JIS,114.68181818181819,7.8,0.0,0.0,0,0,0.0,281,0,3,10
2026-10-08,GBK,81.23295454545455,7.8,0.0,0.0,0,0,0.0,281,0,3,10
2026-10-08,Pasar Senen,47.306250000000006,7.8,0.0,0.0,0,0,0.0,281,0,3,10
2026-10-08,Gang Sempit Tambora,8.123295454545456,7.8,0.0,0.0,0,0,0.0,281,0,3,10
2026-10-09,JIS,159.29454545454544,12.6,7.8,0.0,0,1,1.4,282,0,4,10
2026-10-09,GBK,114.75863636363636,12.6,7.8,0.0,0,1,1.4,282,0,4,10
2026-10-09,Pasar Senen,57.0465,12.6,7.8,0.0,0,0,0.0,282,0,4,10
2026-10-09,Gang Sempit Tambora,9.795863636363636,12.6,7.8,0.0,0,0,0.0,282,0,4,10
2026-10-10,JIS,229.57658181818184,0.0,12.6,7.8,0,1,3.0,283,1,5,10
2026-10-10,GBK,182.84780454545455,0.0,12.6,7.8,0,1,3.0,283,1,5,10
2026-10-10,Pasar Senen,65.11663636363637,0.0,12.6,7.8,0,0,0.0,283,1,5,10
2026-10-10,Gang Sempit Tambora,12.299809090909092,0.0,12.6,7.8,0,0,0.0,283,1,5,10
2026-10-11,JIS,191.5784181818182,0.0,0.0,12.6,0,1,1.4,284,1,6,10
2026-10-11,GBK,150.83907045454544,0.0,0.0,12.6,0,1,1.4,284,1,6,10
2026-10-11,Pasar Senen,60.545863636363634,0.0,0.0,12.6,0,0,0.0,284,1,6,10
2026-10-11,Gang Sempit Tambora,11.43644090909091,0.0,0.0,12.6,0,0,0.0,284,1,6,10
2026-10-12,JIS,125.93127272727273,0.0,0.0,0.0,0,0,0.0,285,0,0,10
2026-10-12,GBK,89.20131818181818,0.0,0.0,0.0,0,0,0.0,285,0,0,10
2026-10-12,Pasar Senen,51.946650000000005,0.0,0.0,0.0,0,0,0.0,285,0,0,10
2026-10-12,Gang Sempit Tambora,8.920131818181819,0.0,0.0,0.0,0,0,0.0,285,0,0,10
2026-10-13,JIS,124.14,23.0,0.0,0.0,0,0,0.0,286,0,1,10
2026-10-13,GBK,87.9325,23.0,0.0,0.0,0,0,0.0,286,0,1,10
2026-10-13,Pasar Senen,51.207750000000004,23.0,0.0,0.0,0,0,0.0,286,0,1,10
2026-10-13,Gang Sempit Tambora,6.5949375,23.0,0.0,0.0,0,0,0.0,286,0,1,10
2026-10-14,JIS,131.68036363636364,0.0,23.0,0.0,0,0,0.0,287,0,2,10
2026-10-14,GBK,93.27359090909091,0.0,23.0,0.0,0,0,0.0,287,0,2,10
2026-10-14,Pasar Senen,54.31815000000001,0.0,23.0,0.0,0,0,0.0,287,0,2,10
2026-10-14,Gang Sempit Tambora,9.327359090909091,0.0,23.0,0.0,0,0,0.0,287,0,2,10
2026-10-15,JIS,130.824,13.0,0.0,23.0,0,0,0.0,288,0,3,10
2026-10-15,GBK,92.66700000000002,13.0,0.0,23.0,0,0,0.0,288,0,3,10
2026-10-15,Pasar Senen,53.96490000000001,13.0,0.0,23.0,0,0,0.0,288,0,3,10
2026-10-15,Gang Sempit Tambora,9.266700000000002,13.0,0.0,23.0,0,0,0.0,288,0,3,10
2026-10-16,JIS,128.08909090909088,4.8,13.0,0.0,0,0,0.0,289,0,4,10
2026-10-16,GBK,90.72977272727272,4.8,13.0,0.0,0,0,0.0,289,0,4,10
2026-10-16,Pasar Senen,52.83675,4.8,13.0,0.0,0,0,0.0,289,0,4,10
2026-10-16,Gang Sempit Tambora,9.072977272727274,4.8,13.0,0.0,0,0,0.0,289,0,4,10
2026-10-17,JIS,138.63436363636364,0.0,4.8,13.0,0,0,0.0,290,1,5,10
2026-10-17,GBK,107.5516590909091,0.0,4.8,13.0,0,0,0.0,290,1,5,10
2026-10-17,Pasar Senen,49.51227272727273,0.0,4.8,13.0,0,0,0.0,290,1,5,10
2026-10-17,Gang Sempit Tambora,9.352318181818184,0.0,4.8,13.0,0,0,0.0,290,1,5,10
2026-10-18,JIS,138.4510909090909,0.0,0.0,4.8,0,0,0.0,291,1,6,10
2026-10-18,GBK,107.40947727272726,0.0,0.0,4.8,0,0,0.0,291,1,6,10
2026-10-18,Pasar Senen,49.44681818181818,0.0,0.0,4.8,0,0,0.0,291,1,6,10
2026-10-18,Gang Sempit Tambora,9.339954545454546,0.0,0.0,4.8,0,0,0.0,291,1,6,10
2026-10-19,JIS,112.74872727272728,0.0,0.0,0.0,0,0,0.0,292,0,0,10
2026-10-19,GBK,79.86368181818182,0.0,0.0,0.0,0,0,0.0,292,0,0,10
2026-10-19,Pasar Senen,46.50885,0.0,0.0,0.0,0,0,0.0,292,0,0,10
2026-10-19,Gang Sempit Tambora,7.986368181818182,0.0,0.0,0.0,0,0,0.0,292,0,0,10
2026-10-20,JIS,109.61563636363637,0.0,0.0,0.0,0,0,0.0,293,0,1,10
2026-10-20,GBK,77.6444090909091,0.0,0.0,0.0,0,0,0.0,293,0,1,10
2026-10-20,Pasar Senen,45.21645,0.0,0.0,0.0,0,0,0.0,293,0,1,10
2026-10-20,Gang Sempit Tambora,7.76444090909091,0.0,0.0,0.0,0,0,0.0,293,0,1,10
2026-10-21,JIS,119.22436363636363,9.6,0.0,0.0,0,0,0.0,294,0,2,10
2026-10-21,GBK,84.4505909090909,9.6,0.0,0.0,0,0,0.0,294,0,2,10
2026-10-21,Pasar Senen,49.18005,9.6,0.0,0.0,0,0,0.0,294,0,2,10
2026-10-21,Gang Sempit Tambora,8.44505909090909,9.6,0.0,0.0,0,0,0.0,294,0,2,10
2026-10-22,JIS,124.94618181818181,16.8,9.6,0.0,0,0,0.0,295,0,3,10
2026-10-22,GBK,88.50354545454546,16.8,9.6,0.0,0,0,0.0,295,0,3,10
2026-10-22,Pasar Senen,51.5403,16.8,9.6,0.0,0,0,0.0,295,0,3,10
2026-10-22,Gang Sempit Tambora,8.850354545454547,16.8,9.6,0.0,0,0,0.0,295,0,3,10
2026-10-23,JIS,116.12290909090909,0.0,16.8,9.6,0,0,0.0,296,0,4,10
2026-10-23,GBK,82.25372727272728,0.0,16.8,9.6,0,0,0.0,296,0,4,10
2026-10-23,Pasar Senen,47.90070000000001,0.0,16.8,9.6,0,0,0.0,296,0,4,10
2026-10-23,Gang Sempit Tambora,8.225372727272728,0.0,16.8,9.6,0,0,0.0,296,0,4,10
2026-10-24,JIS,125.81214545454546,0.0,0.0,16.8,0,0,0.0,297,1,5,10
2026-10-24,GBK,97.60426363636364,0.0,0.0,16.8,0,0,0.0,297,1,5,10
2026-10-24,Pasar Senen,44.93290909090909,0.0,0.0,16.8,0,0,0.0,297,1,5,10
2026-10-24,Gang Sempit Tambora,8.487327272727274,0.0,0.0,16.8,0,0,0.0,297,1,5,10
2026-10-25,JIS,134.60121818181818,16.6,0.0,0.0,0,0,0.0,298,1,6,10
2026-10-25,GBK,104.42277045454543,16.6,0.0,0.0,0,0,0.0,298,1,6,10
2026-10-25,Pasar Senen,48.07186363636363,16.6,0.0,0.0,0,0,0.0,298,1,6,10
2026-10-25,Gang Sempit Tambora,9.080240909090909,16.6,0.0,0.0,0,0,0.0,298,1,6,10
2026-10-26,JIS,117.34581818181817,0.0,16.6,0.0,0,0,0.0,299,0,0,10
2026-10-26,GBK,83.11995454545455,0.0,16.6,0.0,0,0,0.0,299,0,0,10
2026-10-26,Pasar Senen,48.40515,0.0,16.6,0.0,0,0,0.0,299,0,0,10
2026-10-26,Gang Sempit Tambora,8.311995454545455,0.0,16.6,0.0,0,0,0.0,299,0,0,10
2026-10-27,JIS,118.63418181818182,0.0,0.0,16.6,0,0,0.0,300,0,1,10
2026-10-27,GBK,84.03254545454546,0.0,0.0,16.6,0,0,0.0,300,0,1,10
2026-10-27,Pasar Senen,48.936600000000006,0.0,0.0,16.6,0,0,0.0,300,0,1,10
2026-10-27,Gang Sempit Tambora,8.403254545454546,0.0,0.0,16.6,0,0,0.0,300,0,1,10
2026-10-28,JIS,122.91163636363636,0.0,0.0,0.0,0,0,0.0,301,0,2,10
2026-10-28,GBK,87.06240909090909,0.0,0.0,0.0,0,0,0.0,301,0,2,10
2026-10-28,Pasar Senen,50.70105000000001,0.0,0.0,0.0,0,0,0.0,301,0,2,10
2026-10-28,Gang Sempit Tambora,8.70624090909091,0.0,0.0,0.0,0,0,0.0,301,0,2,10
2026-10-29,JIS,117.084,0.0,0.0,0.0,0,0,0.0,302,0,3,10
2026-10-29,GBK,82.9345,0.0,0.0,0.0,0,0,0.0,302,0,3,10
2026-10-29,Pasar Senen,48.29715,0.0,0.0,0.0,0,0,0.0,302,0,3,10
2026-10-29,Gang Sempit Tambora,8.293450000000002,0.0,0.0,0.0,0,0,0.0,302,0,3,10
2026-10-30,JIS,116.99563636363636,0.0,0.0,0.0,0,0,0.0,303,0,4,10
2026-10-30,GBK,82.8719090909091,0.0,0.0,0.0,0,0,0.0,303,0,4,10
2026-10-30,Pasar Senen,48.26070000000001,0.0,0.0,0.0,0,0,0.0,303,0,4,10
2026-10-30,Gang Sempit Tambora,8.28719090909091,0.0,0.0,0.0,0,0,0.0,303,0,4,10
2026-10-31,JIS,124.97138181818183,0.0,0.0,0.0,0,0,0.0,304,1,5,10
2026-10-31,GBK,96.95200454545454,0.0,0.0,0.0,0,0,0.0,304,1,5,10
2026-10-31,Pasar Senen,44.632636363636365,0.0,0.0,0.0,0,0,0.0,304,1,5,10
2026-10-31,Gang Sempit Tambora,8.430609090909092,0.0,0.0,0.0,0,0,0.0,304,1,5,10
2026-11-01,JIS,130.53141818181817,0.0,0.0,0.0,0,0,0.0,305,1,6,11
2026-11-01,GBK,101.26544545454544,0.0,0.0,0.0,0,0,0.0,305,1,6,11
2026-11-01,Pasar Senen,46.61836363636364,0.0,0.0,0.0,0,0,0.0,305,1,6,11
2026-11-01,Gang Sempit Tambora,8.80569090909091,0.0,0.0,0.0,0,0,0.0,305,1,6,11
2026-11-02,JIS,120.32618181818182,0.0,0.0,0.0,0,0,0.0,306,0,0,11
2026-11-02,GBK,85.23104545454547,0.0,0.0,0.0,0,0,0.0,306,0,0,11
2026-11-02,Pasar Senen,49.63455000000001,0.0,0.0,0.0,0,0,0.0,306,0,0,11
2026-11-02,Gang Sempit Tambora,8.523104545454547,0.0,0.0,0.0,0,0,0.0,306,0,0,11
2026-11-03,JIS,115.97781818181818,0.7,0.0,0.0,0,0,0.0,307,0,1,11
2026-11-03,GBK,82.15095454545454,0.7,0.0,0.0,0,0,0.0,307,0,1,11
2026-11-03,Pasar Senen,47.84085,0.7,0.0,0.0,0,0,0.0,307,0,1,11
2026-11-03,Gang Sempit Tambora,8.215095454545455,0.7,0.0,0.0,0,0,0.0,307,0,1,11
2026-11-04,JIS,106.848,0.0,0.7,0.0,0,0,0.0,308,0,2,11
2026-11-04,GBK,75.684,0.0,0.7,0.0,0,0,0.0,308,0,2,11
2026-11-04,Pasar Senen,44.0748,0.0,0.7,0.0,0,0,0.0,308,0,2,11
2026-11-04,Gang Sempit Tambora,7.5684000000000005,0.0,0.7,0.0,0,0,0.0,308,0,2,11
2026-11-05,JIS,113.76872727272728,0.0,0.0,0.7,0,0,0.0,309,0,3,11
2026-11-05,GBK,80.58618181818181,0.0,0.0,0.7,0,0,0.0,309,0,3,11
2026-11-05,Pasar Senen,46.9296,0.0,0.0,0.7,0,0,0.0,309,0,3,11
2026-11-05,Gang Sempit Tambora,8.058618181818183,0.0,0.0,0.7,0,0,0.0,309,0,3,11
2026-11-06,JIS,118.85236363636363,0.0,0.0,0.0,0,0,0.0,310,0,4,11
2026-11-06,GBK,84.18709090909091,0.0,0.0,0.0,0,0,0.0,310,0,4,11
2026-11-06,Pasar Senen,49.0266,0.0,0.0,0.0,0,0,0.0,310,0,4,11
2026-11-06,Gang Sempit Tambora,8.418709090909092,0.0,0.0,0.0,0,0,0.0,310,0,4,11
2026-11-07,JIS,126.64832727272729,0.0,0.0,0.0,0,0,0.0,311,1,5,11
2026-11-07,GBK,98.25296818181818,0.0,0.0,0.0,0,0,0.0,311,1,5,11
2026-11-07,Pasar Senen,45.231545454545454,0.0,0.0,0.0,0,0,0.0,311,1,5,11
2026-11-07,Gang Sempit Tambora,8.543736363636365,0.0,0.0,0.0,0,0,0.0,311,1,5,11
2026-11-08,JIS,135.29994545454548,7.0,0.0,0.0,0,0,0.0,312,1,6,11
2026-11-08,GBK,104.96483863636362,7.0,0.0,0.0,0,0,0.0,312,1,6,11
2026-11-08,Pasar Senen,48.32140909090909,7.0,0.0,0.0,0,0,0.0,312,1,6,11
2026-11-08,Gang Sempit Tambora,9.127377272727273,7.0,0.0,0.0,0,0,0.0,312,1,6,11
2026-11-09,JIS,124.25672727272728,0.0,7.0,0.0,0,0,0.0,313,0,0,11
2026-11-09,GBK,88.01518181818183,0.0,7.0,0.0,0,0,0.0,313,0,0,11
2026-11-09,Pasar Senen,51.25590000000001,0.0,7.0,0.0,0,0,0.0,313,0,0,11
2026-11-09,Gang Sempit Tambora,8.801518181818183,0.0,7.0,0.0,0,0,0.0,313,0,0,11
2026-11-10,JIS,127.57309090909091,2.8,0.0,7.0,0,0,0.0,314,0,1,11
2026-11-10,GBK,90.36427272727272,2.8,0.0,7.0,0,0,0.0,314,0,1,11
2026-11-10,Pasar Senen,52.6239,2.8,0.0,7.0,0,0,0.0,314,0,1,11
2026-11-10,Gang Sempit Tambora,9.036427272727273,2.8,0.0,7.0,0,0,0.0,314,0,1,11
2026-11-11,JIS,124.90363636363635,0.0,2.8,0.0,0,0,0.0,315,0,2,11
2026-11-11,GBK,88.47340909090909,0.0,2.8,0.0,0,0,0.0,315,0,2,11
2026-11-11,Pasar Senen,51.52275,0.0,2.8,0.0,0,0,0.0,315,0,2,11
2026-11-11,Gang Sempit Tambora,8.84734090909091,0.0,2.8,0.0,0,0,0.0,315,0,2,11
2026-11-12,JIS,119.23090909090908,5.1,0.0,2.8,0,0,0.0,316,0,3,11
2026-11-12,GBK,84.45522727272727,5.1,0.0,2.8,0,0,0.0,316,0,3,11
2026-11-12,Pasar Senen,49.182750000000006,5.1,0.0,2.8,0,0,0.0,316,0,3,11
2026-11-12,Gang Sempit Tambora,8.445522727272728,5.1,0.0,2.8,0,0,0.0,316,0,3,11
2026-11-13,JIS,118.17272727272727,0.0,5.1,0.0,0,0,0.0,317,0,4,11
2026-11-13,GBK,83.70568181818182,0.0,5.1,0.0,0,0,0.0,317,0,4,11
2026-11-13,Pasar Senen,48.74625000000001,0.0,5.1,0.0,0,0,0.0,317,0,4,11
2026-11-13,Gang Sempit Tambora,8.370568181818182,0.0,5.1,0.0,0,0,0.0,317,0,4,11
2026-11-14,JIS,129.5154,0.0,0.0,5.1,0,0,0.0,318,1,5,11
2026-11-14,GBK,100.47722499999999,0.0,0.0,5.1,0,0,0.0,318,1,5,11
2026-11-14,Pasar Senen,46.2555,0.0,0.0,5.1,0,0,0.0,318,1,5,11
2026-11-14,Gang Sempit Tambora,8.737150000000002,0.0,0.0,5.1,0,0,0.0,318,1,5,11
2026-11-15,JIS,126.86252727272728,0.0,0.0,0.0,0,0,0.0,319,1,6,11
2026-11-15,GBK,98.41914318181817,0.0,0.0,0.0,0,0,0.0,319,1,6,11
2026-11-15,Pasar Senen,45.30804545454546,0.0,0.0,0.0,0,0,0.0,319,1,6,11
2026-11-15,Gang Sempit Tambora,8.558186363636365,0.0,0.0,0.0,0,0,0.0,319,1,6,11
2026-11-16,JIS,100.02763636363636,0.0,0.0,0.0,0,0,0.0,320,0,0,11
2026-11-16,GBK,70.8529090909091,0.0,0.0,0.0,0,0,0.0,320,0,0,11
2026-11-16,Pasar Senen,41.2614,0.0,0.0,0.0,0,0,0.0,320,0,0,11
2026-11-16,Gang Sempit Tambora,7.08529090909091,0.0,0.0,0.0,0,0,0.0,320,0,0,11
2026-11-17,JIS,104.17527272727273,0.0,0.0,0.0,0,0,0.0,321,0,1,11
2026-11-17,GBK,73.79081818181818,0.0,0.0,0.0,0,0,0.0,321,0,1,11
2026-11-17,Pasar Senen,42.972300000000004,0.0,0.0,0.0,0,0,0.0,321,0,1,11
2026-11-17,Gang Sempit Tambora,7.3790818181818185,0.0,0.0,0.0,0,0,0.0,321,0,1,11
2026-11-18,JIS,105.50181818181818,0.0,0.0,0.0,0,0,0.0,322,0,2,11
2026-11-18,GBK,74.73045454545455,0.0,0.0,0.0,0,0,0.0,322,0,2,11
2026-11-18,Pasar Senen,43.5195,0.0,0.0,0.0,0,0,0.0,322,0,2,11
2026-11-18,Gang Sempit Tambora,7.473045454545455,0.0,0.0,0.0,0,0,0.0,322,0,2,11
2026-11-19,JIS,112.37018181818182,1.2,0.0,0.0,0,0,0.0,323,0,3,11
2026-11-19,GBK,79.59554545454546,1.2,0.0,0.0,0,0,0.0,323,0,3,11
2026-11-19,Pasar Senen,46.352700000000006,1.2,0.0,0.0,0,0,0.0,323,0,3,11
2026-11-19,Gang Sempit Tambora,7.959554545454546,1.2,0.0,0.0,0,0,0.0,323,0,3,11
2026-11-20,JIS,115.10072727272727,0.0,1.2,0.0,0,0,0.0,324,0,4,11
2026-11-20,GBK,81.52968181818181,0.0,1.2,0.0,0,0,0.0,324,0,4,11
2026-11-20,Pasar Senen,47.47905000000001,0.0,1.2,0.0,0,0,0.0,324,0,4,11
2026-11-20,Gang Sempit Tambora,8.152968181818183,0.0,1.2,0.0,0,0,0.0,324,0,4,11
2026-11-21,JIS,129.591,0.0,0.0,1.2,0,0,0.0,325,1,5,11
2026-11-21,GBK,100.53587499999999,0.0,0.0,1.2,0,0,0.0,325,1,5,11
2026-11-21,Pasar Senen,46.2825,0.0,0.0,1.2,0,0,0.0,325,1,5,11
2026-11-21,Gang Sempit Tambora,8.74225,0.0,0.0,1.2,0,0,0.0,325,1,5,11
2026-11-22,JIS,131.49703636363637,1.3,0.0,0.0,0,0,0.0,326,1,6,11
2026-11-22,GBK,102.0145659090909,1.3,0.0,0.0,0,0,0.0,326,1,6,11
2026-11-22,Pasar Senen,46.96322727272727,1.3,0.0,0.0,0,0,0.0,326,1,6,11
2026-11-22,Gang Sempit Tambora,8.87083181818182,1.3,0.0,0.0,0,0,0.0,326,1,6,11
2026-11-23,JIS,114.63272727272728,0.0,1.3,0.0,0,0,0.0,327,0,0,11
2026-11-23,GBK,81.19818181818182,0.0,1.3,0.0,0,0,0.0,327,0,0,11
2026-11-23,Pasar Senen,47.28600000000001,0.0,1.3,0.0,0,0,0.0,327,0,0,11
2026-11-23,Gang Sempit Tambora,8.119818181818182,0.0,1.3,0.0,0,0,0.0,327,0,0,11
2026-11-24,JIS,165.80072727272727,0.0,0.0,1.3,0,1,1.4,328,0,1,11
2026-11-24,GBK,119.3671818181818,0.0,0.0,1.3,0,1,1.4,328,0,1,11
2026-11-24,Pasar Senen,59.73030000000001,0.0,0.0,1.3,0,0,0.0,328,0,1,11
2026-11-24,Gang Sempit Tambora,10.256718181818181,0.0,0.0,1.3,0,0,0.0,328,0,1,11
2026-11-25,JIS,212.18618181818184,9.1,0.0,0.0,0,1,3.0,329,0,2,11
2026-11-25,GBK,154.42354545454546,9.1,0.0,0.0,0,1,3.0,329,0,2,11
2026-11-25,Pasar Senen,68.96430000000001,9.1,0.0,0.0,0,0,0.0,329,0,2,11
2026-11-25,Gang Sempit Tambora,11.842354545454548,9.1,0.0,0.0,0,0,0.0,329,0,2,11
2026-11-26,JIS,173.23745454545454,0.7,9.1,0.0,0,1,1.4,330,0,3,11
2026-11-26,GBK,124.63486363636363,0.7,9.1,0.0,0,1,1.4,330,0,3,11
2026-11-26,Pasar Senen,62.79795000000001,0.7,9.1,0.0,0,0,0.0,330,0,3,11
2026-11-26,Gang Sempit Tambora,10.783486363636364,0.7,9.1,0.0,0,0,0.0,330,0,3,11
2026-11-27,JIS,116.38036363636363,0.0,0.7,9.1,0,0,0.0,331,0,4,11
2026-11-27,GBK,82.43609090909091,0.0,0.7,9.1,0,0,0.0,331,0,4,11
2026-11-27,Pasar Senen,48.0069,0.0,0.7,9.1,0,0,0.0,331,0,4,11
2026-11-27,Gang Sempit Tambora,8.243609090909091,0.0,0.7,9.1,0,0,0.0,331,0,4,11
2026-11-28,JIS,122.55103636363636,5.7,0.0,0.7,0,0,0.0,332,1,5,11
2026-11-28,GBK,95.0743159090909,5.7,0.0,0.7,0,0,0.0,332,1,5,11
2026-11-28,Pasar Senen,43.76822727272727,5.7,0.0,0.7,0,0,0.0,332,1,5,11
2026-11-28,Gang Sempit Tambora,8.267331818181818,5.7,0.0,0.7,0,0,0.0,332,1,5,11
2026-11-29,JIS,130.76852727272728,0.0,5.7,0.0,0,0,0.0,333,1,6,11
2026-11-29,GBK,101.44939318181818,0.0,5.7,0.0,0,0,0.0,333,1,6,11
2026-11-29,Pasar Senen,46.70304545454545,0.0,5.7,0.0,0,0,0.0,333,1,6,11
2026-11-29,Gang Sempit Tambora,8.821686363636365,0.0,5.7,0.0,0,0,0.0,333,1,6,11
2026-11-30,JIS,114.58581818181818,0.0,0.0,5.7,0,0,0.0,334,0,0,11
2026-11-30,GBK,81.16495454545455,0.0,0.0,5.7,0,0,0.0,334,0,0,11
2026-11-30,Pasar Senen,47.266650000000006,0.0,0.0,5.7,0,0,0.0,334,0,0,11
2026-11-30,Gang Sempit Tambora,8.116495454545456,0.0,0.0,5.7,0,0,0.0,334,0,0,11
2026-12-01,JIS,115.85345454545455,0.0,0.0,0.0,0,0,0.0,335,0,1,12
2026-12-01,GBK,82.06286363636364,0.0,0.0,0.0,0,0,0.0,335,0,1,12
2026-12-01,Pasar Senen,47.789550000000006,0.0,0.0,0.0,0,0,0.0,335,0,1,12
2026-12-01,Gang Sempit Tambora,8.206286363636364,0.0,0.0,0.0,0,0,0.0,335,0,1,12
2026-12-02,JIS,114.29454545454544,0.0,0.0,0.0,0,0,0.0,336,0,2,12
2026-12-02,GBK,80.95863636363636,0.0,0.0,0.0,0,0,0.0,336,0,2,12
2026-12-02,Pasar Senen,47.1465,0.0,0.0,0.0,0,0,0.0,336,0,2,12
2026-12-02,Gang Sempit Tambora,8.095863636363637,0.0,0.0,0.0,0,0,0.0,336,0,2,12
2026-12-03,JIS,116.82218181818182,0.0,0.0,0.0,0,0,0.0,337,0,3,12
2026-12-03,GBK,82.74904545454545,0.0,0.0,0.0,0,0,0.0,337,0,3,12
2026-12-03,Pasar Senen,48.18915000000001,0.0,0.0,0.0,0,0,0.0,337,0,3,12
2026-12-03,Gang Sempit Tambora,8.274904545454547,0.0,0.0,0.0,0,0,0.0,337,0,3,12
2026-12-04,JIS,119.85818181818182,6.5,0.0,0.0,0,0,0.0,338,0,4,12
2026-12-04,GBK,84.89954545454545,6.5,0.0,0.0,0,0,0.0,338,0,4,12
2026-12-04,Pasar Senen,49.441500000000005,6.5,0.0,0.0,0,0,0.0,338,0,4,12
2026-12-04,Gang Sempit Tambora,8.489954545454546,6.5,0.0,0.0,0,0,0.0,338,0,4,12
2026-12-05,JIS,132.77994545454547,0.0,6.5,0.0,0,0,0.0,339,1,5,12
2026-12-05,GBK,103.00983863636363,0.0,6.5,0.0,0,0,0.0,339,1,5,12
2026-12-05,Pasar Senen,47.421409090909094,0.0,6.5,0.0,0,0,0.0,339,1,5,12
2026-12-05,Gang Sempit Tambora,8.957377272727273,0.0,6.5,0.0,0,0,0.0,339,1,5,12
2026-12-06,JIS,133.95861818181817,1.0,0.0,6.5,0,0,0.0,340,1,6,12
2026-12-06,GBK,103.92424545454544,1.0,0.0,6.5,0,0,0.0,340,1,6,12
2026-12-06,Pasar Senen,47.842363636363636,1.0,0.0,6.5,0,0,0.0,340,1,6,12
2026-12-06,Gang Sempit Tambora,9.036890909090909,1.0,0.0,6.5,0,0,0.0,340,1,6,12
2026-12-07,JIS,110.8810909090909,0.0,1.0,0.0,0,0,0.0,341,0,0,12
2026-12-07,GBK,78.54077272727272,0.0,1.0,0.0,0,0,0.0,341,0,0,12
2026-12-07,Pasar Senen,45.73845000000001,0.0,1.0,0.0,0,0,0.0,341,0,0,12
2026-12-07,Gang Sempit Tambora,7.854077272727273,0.0,1.0,0.0,0,0,0.0,341,0,0,12
2026-12-08,JIS,109.608,11.3,0.0,1.0,0,0,0.0,342,0,1,12
2026-12-08,GBK,77.63900000000001,11.3,0.0,1.0,0,0,0.0,342,0,1,12
2026-12-08,Pasar Senen,45.213300000000004,11.3,0.0,1.0,0,0,0.0,342,0,1,12
2026-12-08,Gang Sempit Tambora,7.763900000000001,11.3,0.0,1.0,0,0,0.0,342,0,1,12
2026-12-09,JIS,114.88690909090909,0.0,11.3,0.0,0,0,0.0,343,0,2,12
2026-12-09,GBK,81.37822727272727,0.0,11.3,0.0,0,0,0.0,343,0,2,12
2026-12-09,Pasar Senen,47.39085000000001,0.0,11.3,0.0,0,0,0.0,343,0,2,12
2026-12-09,Gang Sempit Tambora,8.137822727272727,0.0,11.3,0.0,0,0,0.0,343,0,2,12
2026-12-10,JIS,120.90109090909091,0.0,0.0,11.3,0,0,0.0,344,0,3,12
2026-12-10,GBK,85.63827272727272,0.0,0.0,11.3,0,0,0.0,344,0,3,12
2026-12-10,Pasar Senen,49.871700000000004,0.0,0.0,11.3,0,0,0.0,344,0,3,12
2026-12-10,Gang Sempit Tambora,8.563827272727274,0.0,0.0,11.3,0,0,0.0,344,0,3,12
2026-12-11,JIS,111.86945454545454,0.0,0.0,0.0,0,0,0.0,345,0,4,12
2026-12-11,GBK,79.24086363636364,0.0,0.0,0.0,0,0,0.0,345,0,4,12
2026-12-11,Pasar Senen,46.146150000000006,0.0,0.0,0.0,0,0,0.0,345,0,4,12
2026-12-11,Gang Sempit Tambora,7.9240863636363645,0.0,0.0,0.0,0,0,0.0,345,0,4,12
2026-12-12,JIS,123.65869090909092,11.7,0.0,0.0,0,0,0.0,346,1,5,12
2026-12-12,GBK,95.93362727272728,11.7,0.0,0.0,0,0,0.0,346,1,5,12
2026-12-12,Pasar Senen,44.163818181818186,11.7,0.0,0.0,0,0,0.0,346,1,5,12
2026-12-12,Gang Sempit Tambora,8.342054545454546,11.7,0.0,0.0,0,0,0.0,346,1,5,12
2026-12-13,JIS,134.23123636363638,0.0,11.7,0.0,0,0,0.0,347,1,6,12
2026-12-13,GBK,104.1357409090909,0.0,11.7,0.0,0,0,0.0,347,1,6,12
2026-12-13,Pasar Senen,47.939727272727275,0.0,11.7,0.0,0,0,0.0,347,1,6,12
2026-12-13,Gang Sempit Tambora,9.05528181818182,0.0,11.7,0.0,0,0,0.0,347,1,6,12
2026-12-14,JIS,121.0810909090909,0.0,0.0,11.7,0,0,0.0,348,0,0,12
2026-12-14,GBK,85.76577272727273,0.0,0.0,11.7,0,0,0.0,348,0,0,12
2026-12-14,Pasar Senen,49.94595,0.0,0.0,11.7,0,0,0.0,348,0,0,12
2026-12-14,Gang Sempit Tambora,8.576577272727274,0.0,0.0,11.7,0,0,0.0,348,0,0,12
2026-12-15,JIS,122.46109090909091,0.0,0.0,0.0,0,0,0.0,349,0,1,12
2026-12-15,GBK,86.74327272727272,0.0,0.0,0.0,0,0,0.0,349,0,1,12
2026-12-15,Pasar Senen,50.51520000000001,0.0,0.0,0.0,0,0,0.0,349,0,1,12
2026-12-15,Gang Sempit Tambora,8.674327272727274,0.0,0.0,0.0,0,0,0.0,349,0,1,12
2026-12-16,JIS,127.47818181818182,0.0,0.0,0.0,0,0,0.0,350,0,2,12
2026-12-16,GBK,90.29704545454545,0.0,0.0,0.0,0,0,0.0,350,0,2,12
2026-12-16,Pasar Senen,52.58475000000001,0.0,0.0,0.0,0,0,0.0,350,0,2,12
2026-12-16,Gang Sempit Tambora,9.029704545454546,0.0,0.0,0.0,0,0,0.0,350,0,2,12
2026-12-17,JIS,131.31163636363635,0.0,0.0,0.0,0,0,0.0,351,0,3,12
2026-12-17,GBK,93.01240909090909,0.0,0.0,0.0,0,0,0.0,351,0,3,12
2026-12-17,Pasar Senen,54.166050000000006,0.0,0.0,0.0,0,0,0.0,351,0,3,12
2026-12-17,Gang Sempit Tambora,9.30124090909091,0.0,0.0,0.0,0,0,0.0,351,0,3,12
2026-12-18,JIS,189.21490909090912,3.4,0.0,0.0,0,1,2.1,352,0,4,12
2026-12-18,GBK,136.9147272727273,3.4,0.0,0.0,0,1,2.1,352,0,4,12
2026-12-18,Pasar Senen,65.05740000000002,3.4,0.0,0.0,0,0,0.0,352,0,4,12
2026-12-18,Gang Sempit Tambora,11.171472727272729,3.4,0.0,0.0,0,0,0.0,352,0,4,12
2026-12-19,JIS,227.41740000000001,0.0,3.4,0.0,0,1,3.1,353,1,5,12
2026-12-19,GBK,181.33085,0.0,3.4,0.0,0,1,3.1,353,1,5,12
2026-12-19,Pasar Senen,63.783,0.0,3.4,0.0,0,0,0.0,353,1,5,12
2026-12-19,Gang Sempit Tambora,12.0479,0.0,3.4,0.0,0,0,0.0,353,1,5,12
2026-12-20,JIS,250.80185454545455,0.0,0.0,3.4,0,1,3.5,354,1,6,12
2026-12-20,GBK,200.10486136363636,0.0,0.0,3.4,0,1,3.5,354,1,6,12
2026-12-20,Pasar Senen,69.88459090909092,0.0,0.0,3.4,0,0,0.0,354,1,6,12
2026-12-20,Gang Sempit Tambora,13.200422727272729,0.0,0.0,3.4,0,0,0.0,354,1,6,12
2026-12-21,JIS,205.46836363636362,7.5,0.0,0.0,0,1,3.1,355,0,0,12
2026-12-21,GBK,149.8025909090909,7.5,0.0,0.0,0,1,3.1,355,0,0,12
2026-12-21,Pasar Senen,65.57445000000001,7.5,0.0,0.0,0,0,0.0,355,0,0,12
2026-12-21,Gang Sempit Tambora,11.260259090909091,7.5,0.0,0.0,0,0,0.0,355,0,0,12
2026-12-22,JIS,185.41090909090912,5.1,7.5,0.0,0,1,2.1,356,0,1,12
2026-12-22,GBK,134.2202272727273,5.1,7.5,0.0,0,1,2.1,356,0,1,12
2026-12-22,Pasar Senen,63.488250000000015,5.1,7.5,0.0,0,0,0.0,356,0,1,12
2026-12-22,Gang Sempit Tambora,10.90202272727273,5.1,7.5,0.0,0,0,0.0,356,0,1,12
2026-12-23,JIS,127.788,7.3,5.1,7.5,0,0,0.0,357,0,2,12
2026-12-23,GBK,90.5165,7.3,5.1,7.5,0,0,0.0,357,0,2,12
2026-12-23,Pasar Senen,52.71255,7.3,5.1,7.5,0,0,0.0,357,0,2,12
2026-12-23,Gang Sempit Tambora,9.05165,7.3,5.1,7.5,0,0,0.0,357,0,2,12
2026-12-24,JIS,123.62618181818182,0.0,7.3,5.1,0,0,0.0,358,0,3,12
2026-12-24,GBK,87.56854545454546,0.0,7.3,5.1,0,0,0.0,358,0,3,12
2026-12-24,Pasar Senen,50.99580000000001,0.0,7.3,5.1,0,0,0.0,358,0,3,12
2026-12-24,Gang Sempit Tambora,8.756854545454546,0.0,7.3,5.1,0,0,0.0,358,0,3,12
2026-12-25,JIS,122.592,2.9,0.0,7.3,1,0,0.0,359,0,4,12
2026-12-25,GBK,86.836,2.9,0.0,7.3,1,0,0.0,359,0,4,12
2026-12-25,Pasar Senen,50.5692,2.9,0.0,7.3,1,0,0.0,359,0,4,12
2026-12-25,Gang Sempit Tambora,8.6836,2.9,0.0,7.3,1,0,0.0,359,0,4,12
2026-12-26,JIS,137.17963636363638,0.0,2.9,0.0,0,0,0.0,360,1,5,12
2026-12-26,GBK,106.4230909090909,0.0,2.9,0.0,0,0,0.0,360,1,5,12
2026-12-26,Pasar Senen,48.99272727272728,0.0,2.9,0.0,0,0,0.0,360,1,5,12
2026-12-26,Gang Sempit Tambora,9.25418181818182,0.0,2.9,0.0,0,0,0.0,360,1,5,12
2026-12-27,JIS,137.30449090909093,0.0,0.0,2.9,0,0,0.0,361,1,6,12
2026-12-27,GBK,106.51995227272727,0.0,0.0,2.9,0,0,0.0,361,1,6,12
2026-12-27,Pasar Senen,49.037318181818186,0.0,0.0,2.9,0,0,0.0,361,1,6,12
2026-12-27,Gang Sempit Tambora,9.262604545454547,0.0,0.0,2.9,0,0,0.0,361,1,6,12
2026-12-28,JIS,114.57163636363637,0.0,0.0,0.0,0,0,0.0,362,0,0,12
2026-12-28,GBK,81.1549090909091,0.0,0.0,0.0,0,0,0.0,362,0,0,12
2026-12-28,Pasar Senen,47.2608,0.0,0.0,0.0,0,0,0.0,362,0,0,12
2026-12-28,Gang Sempit Tambora,8.11549090909091,0.0,0.0,0.0,0,0,0.0,362,0,0,12
2026-12-29,JIS,124.64181818181818,0.0,0.0,0.0,0,0,0.0,363,0,1,12
2026-12-29,GBK,88.28795454545455,0.0,0.0,0.0,0,0,0.0,363,0,1,12
2026-12-29,Pasar Senen,51.414750000000005,0.0,0.0,0.0,0,0,0.0,363,0,1,12
2026-12-29,Gang Sempit Tambora,8.828795454545455,0.0,0.0,0.0,0,0,0.0,363,0,1,12
2026-12-30,JIS,227.1109090909091,0.0,0.0,0.0,0,1,3.2,364,0,2,12
2026-12-30,GBK,165.27022727272728,0.0,0.0,0.0,0,1,3.2,364,0,2,12
2026-12-30,Pasar Senen,73.88325000000002,0.0,0.0,0.0,0,0,0.0,364,0,2,12
2026-12-30,Gang Sempit Tambora,12.68702272727273,0.0,0.0,0.0,0,0,0.0,364,0,2,12
2026-12-31,JIS,259.1018181818182,10.7,0.0,0.0,0,1,4.5,365,0,3,12
2026-12-31,GBK,189.71795454545455,10.7,0.0,0.0,0,1,4.5,365,0,3,12
2026-12-31,Pasar Senen,79.03575000000002,10.7,0.0,0.0,0,0,0.0,365,0,3,12
2026-12-31,Gang Sempit Tambora,13.571795454545457,10.7,0.0,0.0,0,0,0.0,365,0,3,12
